module	status	confidence_floor	implementation_gate	primary_refs	blockers
runtime_object_model	IMPLEMENTABLE	0.90	can_start	07_DATA_STRUCTURES;20_SPECTRAL_SLICE_FIELD_MAP;29_SHARED_DESCRIPTOR_CACHE	none
fft_stft_frontend	IMPLEMENTABLE	0.90	can_start	03_FFT;42_SHARED_SPECTRAL_PREAMBLE;46_FFT_BUFFER_ALIAS_AND_PACKED_LAYOUT	none
spectral_slice_local_features	IMPLEMENTABLE	0.90	can_start	21_CLAIM_KERNEL_013924d0;26_SPECTRAL_BUFFER_CALLSITE_MAP;43_SPECTRAL_MEDIAN_FREQUENCY_0149F6A0	none
raw_note_families_matcher	IMPLEMENTABLE	0.90	can_start	36_INTERVAL_GATE_MODEL;37_MURAWNOTESEPARATION_FAMILY;48_ANALYZER_GATE_METRIC_CLUSTER;49_THRESHOLD_SEEDED_RAW_NOTE_MATCHER;60_EXPONENTIAL_SMOOTHER;62_CLASS12_PREPROCESSOR;63_RAW_NOTE_METRIC_WRITER;64_LATE_INTERVAL_BOUNDARY_REFINEMENT;65_PITCH_MATRIX_BRIDGE_SELECTION	none_for_opened_subset;014a42b0_original_GNList_container_refcount_open;014b3ce0_candidate_chain_builder_open
lss_nested_graph_topology	PARTIAL	0.90	blocked_until_semantics_closed	57_LSS_NESTED_LIST_HELPERS_012E6160_012E5AE0;58_MULSSGENERATOR_FIELD_MAP_AND_MUTATORS;59_PERCUSSIVE_PITCH_SYSTEM_BRIDGE_012F0B60	owner_class_and_musical_semantics_open;mutator_pipeline_open;stretching_outer_owner_semantics_open
relevance_path_ranking	PARTIAL	0.90	blocked_until_closure	38_MUMATRIXPATHPOINT_FAMILY;39_SHAPER_SOURCE_AND_SHORTLIST_POLICY	014f9e20_014f9e30_cluster_open
quality_scoring_global	PARTIAL	0.90	blocked_until_formulas_closed	05_QUALITY_SCORING;27_FINAL_SCORING_MODEL_013924D0	global_metric_formulas_open
dna2_high_level	BLOCKED	0.90	do_not_implement	16_CANONICAL_LEDGER;17_DNA2_BRANCH_LEDGER;18_DNA2_CALLSITE_MAP;19_DISPATCHER_STACK_LEDGER	01447a70;01433f60
resynthesis_formants_shaper	BLOCKED	0.90	do_not_implement	06_FORMANT_SYNTHESIS	resynthesis_math_open
