# Class	FunctionAddr	Size	Strings
MULSSComponentRenderer	012a8c90	45108	6 strings
MUElementAnalyzer	0146c830	38131	2 strings
MUElementAnalyzer	0158c060	34784	4 strings
MUAudioSourceDescription	0133bd20	34174	3 strings
MDEditorViewController	00212cd0	29132	80 strings
MUSpectrumShaper	006122f0	23419	65 strings
MULSSComponentRenderer	0111f300	20762	1 strings
GNList	01f72160	18918	4 strings
GNString	01cd2c30	18670	17 strings
MUAudioSourcePrincipalItem	0132f280	17702	3 strings
GNObject	00d5af30	17348	5 strings
MUElementAnalyzer	00767640	17225	2 strings
GNList	017b3920	17189	3 strings
GNList	017c68a0	16919	75 strings
MUSampledFunction	0125f0b0	16690	1 strings
GNList	00774db0	16232	1 strings
GNString	0167bc80	15358	22 strings
Resynthesis	018431f0	14689	1 strings
MDDetectionAudioSourceInsp	0047a4c0	14402	40 strings
MUAudioSourcePrincipalItem	01336350	13387	1 strings
MDURLOpenedController	00631c50	12971	3 strings
MUSampledFunction	013764e0	12143	1 strings
MUAudioSourceAttackItem	0125a5f0	12017	1 strings
GNInt	00aff2e0	11911	70 strings
MUTempoEditorView	01c46d90	11726	33 strings
GNValue	01c9dc20	11620	1 strings
MUAudioSourcePrincipalItem	017ee2e0	11571	1 strings
MUAudioFileSource	0047dd70	11519	3 strings
MUElementAnalyzer	01141790	11251	73 strings
MDDocumentViewController	006f07b0	11069	31 strings
MUAudioSourcePrincipalItem	0195cb20	10769	1 strings
MUAraDocumentController	006024d0	10476	68 strings
GNFilePath	0007cb70	10297	5 strings
MDMetaWindowController	0032d440	10036	2 strings
GNView	0084ee20	10003	62 strings
GNTableView	00194050	9938	1 strings
MUElementAnalyzer	01103ee0	9650	62 strings
MUScalePitchSystem	01a26560	9578	1 strings
MUSampledFunction	0079f9e0	9493	5 strings
MUAudioSourcePrincipalItem	01960580	9438	1 strings
GNList	01e94020	9044	1 strings
GNList	01f5bf10	8960	2 strings
MUDetectionEditorView	01924a10	8862	2 strings
MUElementAnalyzer	01139490	8849	1 strings
MUScalePitchSystem	01994460	8836	1 strings
GNRunLoopObserverDelegate	0085e050	8713	3 strings
MUAudioSourcePrincipalItem	01356870	8589	1 strings
GNDictionaryImpl	00ca2870	8571	22 strings
GNData	007dd720	8569	3 strings
GNData	017f7200	8250	1 strings
GNList	00c7c740	8215	21 strings
PitchDetection	01135410	8173	60 strings
MUPercussivePitchSystem	01a2b2e0	8137	2 strings
GNData	00528fe0	8031	3 strings
GNList	006decb0	7923	3 strings
MUSampledFunction	014c03f0	7885	1 strings
GNList	01e978e0	7846	3 strings
GNList	00d4d060	7782	23 strings
MUAudioFileSource	00157780	7660	2 strings
GNAudioProcessor	0168b410	7607	2 strings
GNString	00254fb0	7598	1 strings
GNList	00ca65b0	7511	20 strings
GNList	019d6f50	7495	1 strings
MUElementAnalyzer	0074ea80	7348	1 strings
MUPercussivePitchSystem	01324620	7178	6 strings
GNList	01bae3c0	7121	1 strings
MUSpectrumShaper	01ac7020	7048	1 strings
MDTrackInsp	006c76c0	7022	20 strings
GNOverloudMutronIIIWah	00c0f280	6947	5 strings
MUSampledFunction	0175d1d0	6878	2 strings
MDMetaWindowController	003a94d0	6865	1 strings
GNData	00d18390	6843	4 strings
GNData	00bb06e0	6834	2 strings
GNList	00dc6010	6675	4 strings
GNStorage	015985f0	6672	1 strings
MULSSGenerator	0015b0f0	6622	1 strings
GNList	01ec5810	6506	3 strings
GNString	018ec910	6499	1 strings
GNList	00d33a10	6488	15 strings
GNDictionary	01cdb6a0	6355	3 strings
GNMultiRulerView	01d9af40	6351	1 strings
MUElementAnalyzer	0070c1e0	6318	2 strings
GNEvent	01931100	6302	1 strings
MUAraAudioSource	0048d550	6259	3 strings
MUAudioFileSource	0075a190	6234	1 strings
GNTextView	001fc440	6225	1 strings
GNData	01c99560	6187	2 strings
GNString	01b12970	6120	1 strings
MUQuarterSequenceView	01b66e10	6107	19 strings
GNEditingContextReadCopySyncObserver	0118be50	6059	3 strings
MUElementAnalyzer	013903d0	5999	1 strings
MUScalePitchSystem	01a1e750	5981	1 strings
GNString	00e19950	5970	3 strings
GNFilePath	00380dd0	5766	2 strings
MUAudioSourceDescription	005b1e40	5742	45 strings
MUPercussivePitchSystem	01bab160	5703	1 strings
GNList	00e7ebe0	5702	1 strings
MUMultimicEngine	01174240	5659	1 strings
GNList	01e30e20	5642	15 strings
MUSpectrumShaper	011c8690	5621	45 strings
GNImage	002c07c0	5558	14 strings
GNList	01800c00	5553	3 strings
MDFileBrowserInsp	00375aa0	5507	16 strings
GNList	00dc3440	5487	5 strings
MDMetaWindowController	00704d30	5485	1 strings
GNResponder	000a32b0	5474	40 strings
MULSSComponentRenderer	012b5260	5471	3 strings
GNUni	01153590	5423	42 strings
GNList	01cb0670	5422	7 strings
MUScalePitchSystem	019d51d0	5390	1 strings
MUAudioSourceDescription	01351de0	5370	2 strings
GNList	00d0e040	5284	3 strings
GNString	00dfe080	5281	1 strings
GNList	01dec860	5271	1 strings
GNList	01ebcc70	5259	3 strings
GNList	01588e90	5253	3 strings
GNString	00e600c0	5227	1 strings
MUElementAnalyzer	01662bd0	5221	1 strings
GNClassDescription	01f5f6d0	5211	6 strings
MUScaleBrowserItem	01b4ed20	5208	2 strings
MUAudioFileSource	00127790	5152	1 strings
MUAudioFileSource	01c9b940	5097	1 strings
GNString	00dfb1b0	5022	1 strings
GNString	00800160	4998	3 strings
GNList	01f04a00	4997	1 strings
GNMultipleValue	01ec2d30	4995	3 strings
GNLocaleDataProvider	000067e0	4919	36 strings
MUAraMusicalContext	00221970	4885	3 strings
QualityScoring	01948fc0	4884	5 strings
MUScaleBrowserItem	01b391e0	4877	1 strings
GNFilePath	0007a0d0	4875	5 strings
MUAraAudioSource	01699090	4823	1 strings
MDToolbarTempoCtrl	000870e0	4785	15 strings
MDURLOpenedController	0027f1f0	4760	1 strings
GNList	00e23db0	4731	14 strings
GNData	017f55a0	4704	1 strings
MUDetectionEditorView	005a97a0	4650	1 strings
MUVoiceMapper	011d59f0	4618	1 strings
MUMultiTrackItem	002e5a30	4599	1 strings
GNList	00111ab0	4582	4 strings
GNFont	01e0f330	4566	15 strings
GNTableView	01dc82c0	4560	14 strings
MDExportAudioController	001305f0	4559	1 strings
MDEditorViewController	0039c9d0	4558	1 strings
MUAudioFileSource	0015fd00	4548	1 strings
GNString	00e65ef0	4545	2 strings
MUSpectrumShaper	011afb50	4495	28 strings
GNString	00292f50	4491	2 strings
GNString	006ee080	4490	1 strings
MUScalePitchSystem	01a29bc0	4474	1 strings
GNDictionary	00dc8890	4453	1 strings
GNList	01f94cb0	4453	2 strings
MUAudioFileSource	012e1a00	4441	1 strings
GNList	00d1c6d0	4427	3 strings
MUSpectrumShaper	01b5e5b0	4424	1 strings
MUAraAudioSource	0048ba10	4413	4 strings
GNList	00d7bac0	4411	3 strings
MUSpectralTimeSlice	015c4e40	4396	3 strings
GNList	01c056e0	4385	1 strings
MDMetaWindowController	006d16c0	4373	1 strings
MDEditorScrollView	00258910	4361	1 strings
GNPropertyObserver	0026cd40	4361	3 strings
TSocket	00adb8e0	4355	11 strings
MUAraAudioSource	0169d230	4345	3 strings
MDEditorScrollView	002323f0	4263	1 strings
MDMetaWindowController	00465c80	4224	1 strings
GNHTTPRequest	00e74220	4219	1 strings
GNKeyValueUnarchiverDelegate	00209e70	4174	21 strings
GNPropertyObserver	0058deb0	4173	2 strings
GNList	006ce3a0	4153	2 strings
MULSSGenerator	012cce00	4151	1 strings
MDMetaWindowController	003bcea0	4142	1 strings
GNString	00527740	4120	1 strings
MDWorkspaceView	003b4560	4112	1 strings
GNUni	00039a90	4091	31 strings
MDProjectInsp	002c3530	4070	12 strings
GNHeartbeatHandler	00847230	4054	2 strings
MDEditorScrollView	004fca20	4037	12 strings
GNData	00bb2c20	4003	1 strings
GNUIDesignerDoc	01e2b0c0	4000	1 strings
GNSoundFileWAVEReader	007c11c0	3996	1 strings
MUAudioSourcePropertyPoint	0110d1c0	3984	1 strings
MDMetaWindowController	00707bf0	3927	1 strings
MUElementAnalyzer	0078e820	3891	1 strings
MUElementAnalyzer	0119def0	3878	30 strings
MDMetaDocumentController	00366040	3857	1 strings
GNRootView	00095750	3845	2 strings
MUPercussivePitchSystem	00153530	3837	4 strings
GNObject	001c36b0	3837	26 strings
GNString	01c08690	3829	1 strings
GNSlider	00581680	3815	17 strings
MUAraAudioSource	007860e0	3801	2 strings
MDAudioTrackItem	0037d660	3797	2 strings
MUEditorElementView	019bb770	3782	1 strings
MUSpectralPointDNA	011ac170	3766	1 strings
MUMultiTrackView	002fb9c0	3756	2 strings
GNFormatter	00df8bf0	3755	4 strings
MUPitchMapper	0180d2e0	3748	1 strings
GNList	00d72c70	3739	12 strings
GNControl	01d0d660	3738	12 strings
MUPercussivePitchSystem	0150aa70	3731	5 strings
MUScaleOpenPanel	01b302d0	3729	12 strings
MUScalePitchSystem	01b25670	3713	1 strings
GNData	00bb43f0	3710	2 strings
GNData	0159aa90	3710	1 strings
MUAudioSourcePrincipalItem	01ba6160	3678	1 strings
GNFilePath	002d3da0	3677	1 strings
MUPulseAssignmentTarget	011f4f10	3676	1 strings
MUElementAnalyzer	00793a50	3673	1 strings
GNString	00e6dc80	3669	2 strings
GNString	003375f0	3668	1 strings
GNString	00cd1020	3665	2 strings
MUPartMappingState	01184690	3653	1 strings
GNControl	000f62d0	3635	1 strings
GNPlugInWrapperDelegate	00bce900	3626	1 strings
MDMetaWindowController	00464580	3623	1 strings
GNUni	001f8d00	3614	24 strings
MUAudioIOSlot	007549f0	3610	1 strings
MUDetectionSeparationTool	00253c20	3576	1 strings
GNFilePath	00cde3f0	3571	10 strings
MDURLOpenedController	00103050	3569	1 strings
GNString	00481b90	3553	2 strings
MUScaleBrowserItem	01ab04a0	3548	1 strings
GNString	00b8cce0	3538	2 strings
MDEditorViewController	005c0400	3526	3 strings
GNOverloudConvolver	00c251f0	3521	2 strings
GNString	017a5880	3520	2 strings
GNResponder	0020e5b0	3515	27 strings
MDMetaWindowController	005d1b20	3509	3 strings
MUPreviewController	0036a8d0	3486	2 strings
QualityScoring	01114900	3471	23 strings
MULSSGenerator	005228a0	3465	1 strings
GNValue	01b96de0	3459	1 strings
GNString	00e70a20	3450	2 strings
MULSSGenerator	004f83c0	3428	1 strings
MDToolbarTransportCtrl	000e95a0	3421	11 strings
GNClipView	01cf2570	3421	11 strings
GNUni	011b5fd0	3405	25 strings
GNString	018c0160	3401	5 strings
GNString	01f634e0	3398	3 strings
GNString	01da6520	3392	2 strings
GNTextView	00513640	3389	6 strings
GNString	01f65830	3389	4 strings
GNString	00dcd0a0	3370	2 strings
MUTimeSliceParameterBuffer	011c5bb0	3369	1 strings
GNSoundFile	0010db00	3362	1 strings
GNString	00e6b740	3353	2 strings
MUSampledFunction	001001a0	3335	1 strings
MDElementInsp	0032c700	3332	10 strings
GNActionGroup	01f89e00	3331	2 strings
MUElementAnalyzer	00772ab0	3327	2 strings
MUPulseAssignmentTarget	011f3be0	3313	1 strings
MDAudioTrackItem	00559ea0	3295	1 strings
MUAlignmentAnchor	01886fe0	3282	1 strings
MUAudioFileSource	002c9a70	3256	1 strings
GNAudioProcessorTimeInfo	007abdb0	3221	1 strings
GNList	0052fb60	3208	1 strings
GNString	00d31a90	3207	3 strings
MUAudioSourceDescription	010ff5d0	3187	29 strings
GNRootView	000c49f0	3184	2 strings
GNFilePath	00246260	3181	4 strings
GNOutlineViewDataSource	008196d0	3126	6 strings
GNRootView	01e23740	3122	1 strings
GNFilePath	01f85db0	3109	1 strings
MUScalePitchSystem	019f65a0	3099	1 strings
MUScaleBrowserItem	01b4d890	3080	1 strings
MUSpectrumShaper	01ab3840	3075	10 strings
GNAudioProcessor	005fea00	3072	1 strings
GNFilePath	01f938b0	3062	1 strings
MUScaleBrowserItem	01b51da0	3054	1 strings
MDExportController	0011b850	3053	10 strings
MULSSGenerator	00488f50	3048	1 strings
MUSpectrumShaper	01bd69c0	3034	1 strings
GNFileType	00e1db90	3033	9 strings
GNString	00486560	3026	2 strings
GNMidiFileReader	00b070b0	3025	1 strings
GNString	01502670	3016	2 strings
MUAudioFileSource	017a7c70	3015	1 strings
MUAudioSourcePrincipalItem	01a13ed0	3011	1 strings
GNClipView	001b6490	3009	1 strings
MUAudioFileSource	00760600	3009	1 strings
GNList	01ccd250	2997	3 strings
GNList	00387110	2990	2 strings
MDEditorViewController	00645c10	2973	1 strings
MULSSGenerator	004879c0	2967	1 strings
MUElementAnalyzer	00791e10	2965	2 strings
MUAudioSourcePrincipalItem	014d26c0	2940	1 strings
GNList	0181f210	2938	13 strings
MULSSComponentRenderer	012b84d0	2937	3 strings
MUAudioFileSource	004a2840	2934	2 strings
MDURLOpenedController	0071c4a0	2933	1 strings
MDWorkspaceView	000a5ee0	2930	1 strings
MDURLOpenedController	0071d920	2925	1 strings
MUSpectrumShaper	011b2e50	2923	20 strings
MDEditorViewController	0077e980	2917	2 strings
GNList	01bb14c0	2897	1 strings
MULSSGenerator	01bd7b90	2891	1 strings
MUChordHarmonyNote	0187d700	2867	1 strings
MDEditorViewController	00329480	2860	1 strings
MUAudioFileSource	00494690	2854	1 strings
MUElementAnalyzer	00784900	2844	1 strings
MUPitchMapper	01196100	2843	1 strings
MUAudioSourceAttackItem	013dfef0	2820	1 strings
GNRootView	001adcf0	2812	1 strings
GNList	00d105c0	2803	1 strings
GNFormatter	00e02ae0	2803	4 strings
GNList	00d1b5a0	2785	4 strings
GNList	00d75f50	2783	13 strings
GNDictionary	01de3030	2753	1 strings
MDMetaWindowController	0032a4c0	2746	1 strings
MDToolbarActivityCtrl	000f2940	2739	9 strings
GNScrollView	01d942e0	2739	9 strings
GNList	01f06a80	2736	1 strings
MUSpectrumShaper	01b5c650	2715	9 strings
GNList	0009f2a0	2713	4 strings
MUAudioFileSource	00491110	2709	1 strings
GNString	00d89590	2707	6 strings
GNAttributeType	00c78cd0	2690	8 strings
GNString	00e271f0	2689	2 strings
GNList	018c3af0	2685	8 strings
GNAudioMeterView	00af71b0	2660	1 strings
GNFilePath	00b79970	2656	9 strings
EnergyClaimSystem	0059ba40	2643	20 strings
MUAraAudioSource	002312f0	2638	3 strings
GNSoundFileALACReader	007b96b0	2638	1 strings
MUSampledFunction	01316d80	2635	1 strings
MDAnalyserTestView	00582b10	2633	1 strings
MUAudioFileSource	00492370	2632	1 strings
MUAraDocumentController	016a1890	2625	2 strings
MDViewSettings	005f0ba0	2622	1 strings
MDURLOpenedController	0063d970	2610	1 strings
GNAudioDevicePrefCtrl	00bebd90	2594	8 strings
MDURLOpenedController	0063b490	2590	1 strings
MUAudioSourcePrincipalItem	014d39b0	2583	1 strings
MUAudioFileSource	00761a80	2569	1 strings
GNString	01892930	2564	1 strings
MDMetaWindowController	00088bb0	2548	1 strings
MDNotificationObserver	00302550	2538	18 strings
GNString	00338e90	2532	1 strings
GNBrowser	0083cc40	2530	1 strings
MUAraMinApiGeneration	016acf90	2524	7 strings
MDURLOpenedController	0063c780	2519	1 strings
GNList	01b57030	2518	1 strings
GNValue	00dde270	2509	2 strings
MUSpectrumShaper	01b5d300	2507	1 strings
MULSSGenerator	01650af0	2504	1 strings
GNMultipleValue	01ccad90	2497	1 strings
GNUni	010f3160	2496	20 strings
GNUni	01696b40	2494	19 strings
GNList	00d0b140	2493	3 strings
MUScalePitchSystem	01a2db70	2493	1 strings
GNToolBox	0019f010	2491	1 strings
MDExportAudioController	00129ad0	2488	1 strings
GNIconsView	01e82060	2482	1 strings
MDMetaWindowController	002ecd30	2479	1 strings
GNOverloudConvolverIR	00c1ffc0	2479	7 strings
GNString	01ce54a0	2465	1 strings
MUElementAnalyzer	0077cd50	2462	3 strings
MDTimeGridController	002b3880	2461	1 strings
MDEditorScrollView	002bbb70	2461	2 strings
GNLocalizationTarget	001efe70	2442	2 strings
MUMultiTrackView	00650980	2430	1 strings
GNString	01c723c0	2429	2 strings
MUAudioFileSource	00267bd0	2428	1 strings
MUAudioSourcePrincipalItem	014d4f90	2428	1 strings
MUScalePitchSystem	019cddf0	2428	1 strings
MUElementAnalyzer	00770960	2427	1 strings
MUAudioSourcePrincipalItem	014d44f0	2420	1 strings
MDMetaWindowController	00139430	2410	3 strings
MUElementAnalyzer	014adca0	2407	1 strings
MUSpectrumShaper	01bdee90	2405	3 strings
GNAudioHALDevice	007c7bc0	2403	1 strings
GNTabView	01dfd890	2398	8 strings
MUPercussivePitchSystem	005039a0	2394	2 strings
TSocket	00add580	2374	2 strings
GNTextView	01e459c0	2374	1 strings
MUTrack	011687c0	2373	3 strings
MUTool	01a5b5e0	2371	1 strings
GNList	01e10690	2371	3 strings
MUTempoEditorView	0071fc50	2359	2 strings
MDEditorDescription	005748e0	2341	1 strings
MDWorkspaceView	006c3b00	2328	1 strings
MDMetaWindowController	007f83c0	2310	2 strings
MUMultiTrackItem	004f6020	2305	2 strings
GNUni	005f86e0	2297	15 strings
MDMetaWindowController	0008d170	2287	1 strings
MUScaleBrowserItem	01aa5120	2278	1 strings
GNInspector	01f03a80	2269	1 strings
GNSoundFile	00244b20	2266	3 strings
MUChord	01a6cf00	2239	1 strings
MUDetectionEditorView	01bbcdd0	2232	1 strings
GNDebugObjectBrowser	01f5ab60	2225	7 strings
GNString	0177f010	2223	1 strings
GNList	00d43550	2222	1 strings
GNValue	00dbf000	2218	5 strings
MUScalePitchSystem	017178d0	2215	1 strings
MDMetaWindowController	000bb160	2214	1 strings
MUSpectralTimeSlice	011aa9e0	2213	1 strings
MUSpectrumShaper	01bd5d50	2213	2 strings
MUAudioFileSource	00535670	2212	1 strings
MDAudioTrackHeaderViewController	003b9370	2207	7 strings
MDCopyDataToController	0050f8b0	2207	7 strings
MDEditorViewController	0033fef0	2201	2 strings
MUTestValue	018b6570	2201	1 strings
MUTempoEditorView	0010ae60	2199	3 strings
MUScaleTuningIntervalForAnalysis	011a8140	2198	1 strings
GNKeyValueUnarchiverDelegate	00820940	2181	4 strings
GNData	01da3800	2177	2 strings
GNList	01a8a710	2175	1 strings
MDEditorViewController	007eca30	2166	1 strings
GNValue	01a6f360	2162	2 strings
GNList	01bbe490	2162	8 strings
GNOverloudCompG	00c37a80	2153	1 strings
MDEditorViewController	00333b00	2152	1 strings
GNList	0036f6e0	2150	1 strings
MDMetaWindowController	00512790	2149	2 strings
GNUni	005dc2b0	2144	22 strings
GNList	0002cde0	2127	18 strings
GNUni	0053f150	2125	17 strings
MUChordRootAnalyzerEntry	017982d0	2099	1 strings
QualityScoring	01bff300	2096	4 strings
MUAudioFileSource	00533b90	2094	1 strings
GNList	01df3040	2091	1 strings
MUQuarterSequenceView	00657c30	2089	1 strings
GNOperationProgressObserver	00044470	2086	3 strings
GNGraphicsContextState	01d4bfe0	2086	1 strings
GNUni	01158640	2084	21 strings
MUAudioFileSource	00534960	2083	1 strings
GNDate	00b444a0	2083	1 strings
MUTempoEditorViewItem	01c7a3d0	2079	1 strings
MDWorkspaceView	00654180	2064	1 strings
GNString	00e3ddb0	2063	1 strings
MUSpectrumShaper	011af000	2061	14 strings
MUSpectrumShaper	01b836f0	2061	7 strings
MUAudioFileSource	00240bc0	2058	1 strings
MDLayer	003b6a50	2057	7 strings
GNMenuItem	01d636b0	2057	7 strings
GNLocaleExportController	01f6f220	2057	7 strings
GNShortCutOutlineController	01f822e0	2057	7 strings
MUAudioFileSource	012cc0c0	2050	1 strings
GNEvent	001c7610	2039	1 strings
MUScaleSavePanel	01b4b060	2039	7 strings
MDToolbarTempoCtrl	0087bf80	2032	3 strings
GNString	0048fe80	2015	1 strings
MUScaleDetectionOptionsData	01b54370	2009	1 strings
GNList	01665120	2002	1 strings
MUTrackRenderer	011ce5e0	1995	1 strings
GNScrollView	002b4e40	1994	2 strings
GNUni	00af64b0	1994	15 strings
GNSoundFile	007b0440	1992	1 strings
GNUni	00afc2d0	1989	15 strings
MDDocumentViewController	005b6230	1984	4 strings
GNPropertyObserver	0085a740	1978	2 strings
MDMetaWindowController	00493490	1971	1 strings
GNHeartbeatHandler	00210580	1968	2 strings
MUScaleBrowserItem	01b51100	1967	1 strings
MDMetaWindowController	0008a6e0	1963	2 strings
MDExportController	007954a0	1963	2 strings
GNString	00cd29e0	1960	2 strings
MUScalePitchSystem	01b17840	1955	1 strings
GNUni	017964f0	1954	15 strings
MUAudioFileSource	00790110	1952	1 strings
GNCelemonyHTTPDownloadRequest	00e51950	1949	1 strings
GNString	0033a220	1943	1 strings
GNUni	011b7e40	1940	18 strings
GNModuleView	01eb6770	1938	7 strings
MDMetaWindowController	003ad1d0	1927	1 strings
MUSpectrumShaper	01bdbfa0	1927	3 strings
GNInt	0176d660	1902	17 strings
MDAudioTrackItem	004b2fa0	1893	1 strings
GNList	012e3d30	1892	10 strings
GNThread	00060b50	1889	1 strings
GNFilePath	01c37290	1886	1 strings
MUTool	00234400	1879	1 strings
MUAudioSourceAttackItem	0128e760	1870	1 strings
GNString	002c78b0	1869	2 strings
GNString	00e925a0	1868	2 strings
MUComposition	01182110	1862	20 strings
MDMetaWindowController	0008f9e0	1857	2 strings
MDMetaWindowController	0008ee80	1852	3 strings
MUScaleRegion	01880930	1846	1 strings
GNList	01bf3db0	1841	3 strings
GNString	0048a720	1826	1 strings
MUScalePitchSystem	019b7a60	1826	1 strings
GNString	00dd28a0	1816	1 strings
MDMetaWindowController	0036c630	1814	2 strings
GNOverloudCompG	00c4a720	1814	1 strings
GNScrollView	01db3040	1814	1 strings
GNJSONParser	00cfd570	1809	1 strings
GNList	00c1ea10	1808	3 strings
MDAudioTrackItem	002e4d80	1798	1 strings
MDAudioTrackItem	002ec210	1797	2 strings
GNCelemonyHTTPUploadRequest	00e524d0	1788	3 strings
GNInt	00b12ed0	1784	12 strings
GNHTTPProcessor	00e95410	1781	1 strings
MUAudioSourcePrincipalItem	010fee50	1778	1 strings
MDEditorScrollView	004f17e0	1777	1 strings
GNString	00292400	1774	1 strings
MUFilterEngine	0114d3c0	1774	1 strings
GNInt	010fc3b0	1771	13 strings
MUElement	01181260	1771	17 strings
MDCopyDataToController	0058a460	1760	1 strings
MDMetaWindowController	003a88e0	1752	2 strings
GNSoundFileNFFReader	007be3a0	1746	1 strings
GNPropertyObserver	0050aad0	1743	2 strings
GNUni	011337c0	1743	15 strings
MUAraAudioSource	005dab40	1742	14 strings
GNActionGroup	01f8e100	1741	2 strings
GNHeartbeatHandler	0059c6c0	1739	2 strings
MUElement	0082db10	1738	12 strings
MDMetaWindowController	0044a930	1732	1 strings
GNData	01da28b0	1727	4 strings
GNMidiEventPacket	00b0d440	1721	14 strings
QualityScoring	01bf95e0	1720	3 strings
GNFraction	011a17a0	1715	14 strings
MDToolbarTempoPluginCtrl	003a5120	1712	6 strings
MDToolbarVolumeCtrl	00447590	1712	6 strings
MDToolbarEditModeCtrl	0045e210	1709	6 strings
GNSoundFile	002457d0	1706	3 strings
MUColorCorrectionCtrl	01b59670	1697	6 strings
MUSpectrumShaper	01bd3370	1697	6 strings
GNFilePath	01c24960	1691	1 strings
MDEditorViewController	004b2010	1689	1 strings
MDEditorViewController	0079e760	1689	1 strings
MUAraPlugInWrapper	000111e0	1686	1 strings
GNAudioSimpleFilter	00afd060	1686	1 strings
MDMetaWindowController	003a7cf0	1680	1 strings
GNHeartbeatHandler	00838f20	1678	12 strings
MUTempoDetectionRegion	011c3290	1662	1 strings
GNList	01aafac0	1662	2 strings
GNDictionary	019ea7c0	1659	1 strings
MUChordLabelingSystem	01116000	1657	1 strings
GNPlugInWrapper	0000bce0	1653	3 strings
GNUndoManager	00065940	1652	1 strings
GNUni	002720c0	1651	13 strings
GNString	01d85bb0	1647	2 strings
GNObject	00d59fc0	1644	2 strings
MDTrackInsp	005e92e0	1641	2 strings
MDEditorViewController	00340ca0	1638	2 strings
MUAudioSourceDescription	010f06d0	1637	11 strings
GNMenuItem	001d9b50	1635	2 strings
MUAudioRecorder	010f86d0	1631	1 strings
GNString	006cb600	1629	2 strings
GNClassDescription	0002f700	1627	1 strings
GNDictionary	01db5b00	1623	1 strings
GNPopUpButton	01d1ae90	1619	2 strings
MUScaleCreationData	00843ae0	1614	1 strings
GNValue	01a6e960	1609	1 strings
GNHeartbeatHandler	0018cef0	1608	2 strings
MUNoiseRange	00871b80	1608	1 strings
MUScalePitchSystem	019973f0	1608	1 strings
GNBackgroundView	01e7a8e0	1602	1 strings
GNSoundFileChunk	00bb72e0	1601	1 strings
GNOverloudTapedesk	00c2f0a0	1601	1 strings
GNSimpleXMLStream	00be82e0	1600	1 strings
GNUni	011b4c00	1595	14 strings
GNValue	01d10400	1595	3 strings
MDEditorScrollView	005ba8e0	1592	3 strings
GNString	01a95160	1591	1 strings
GNStringTable	0011e190	1589	2 strings
MUAudioFileSource	004f0450	1588	1 strings
MDPluginDocument	0053c980	1588	1 strings
GNOverloudTapedesk	00c47240	1588	1 strings
GNObject	0002a9b0	1586	11 strings
GNFetchSpecification	00cf6010	1586	1 strings
GNData	007f3f10	1584	1 strings
GNSplitViewItem	001ee6b0	1577	1 strings
MUAudioSourceAttackItem	007ee1b0	1577	1 strings
GNFraction	01707c30	1575	12 strings
MUElement	0084d700	1572	12 strings
GNMultipleValue	01ec0ac0	1570	1 strings
MUTempoPeriod	011c0dc0	1566	1 strings
MDHorizontalRulerSelectorView	004ff560	1562	1 strings
GNMidiValue	00b0f730	1561	12 strings
GNSoundFileWAVEWriter	007c3e50	1560	1 strings
GNList	00d56410	1556	2 strings
GNList	00d56b80	1552	2 strings
MUAudioRingBuffer	010fd360	1552	1 strings
MDMetaWindowController	002a8ee0	1551	1 strings
MUTranspositionMapper	011d3330	1550	1 strings
GNMultipleValue	01e064a0	1547	2 strings
GNFilePath	015aad80	1545	1 strings
MUPulseAssignmentTarget	011f3320	1543	1 strings
MUTempoEditorView	002b7ee0	1540	1 strings
GNAttributeType	00c76230	1538	9 strings
GNAudioProcessor	011f03e0	1534	9 strings
GNActionRegistration	01f8be80	1534	1 strings
MUAudioFileSource	0076e660	1530	1 strings
MDAudioTrackItem	002ea230	1527	1 strings
GNString	01f2bbf0	1523	1 strings
GNData	01eb34e0	1522	2 strings
GNSoundFileAIFFReader	007b5c70	1519	1 strings
MUElementAnalyzer	00791550	1518	1 strings
GNString	015016a0	1518	2 strings
MULSSComponentRenderer	012b6860	1514	3 strings
GNScrollView	001e9800	1513	1 strings
GNColor	01df63b0	1513	3 strings
GNColor	01df6bd0	1513	3 strings
GNValue	01b989f0	1512	1 strings
GNPlugInWrapperDelegate	00b4edb0	1511	1 strings
GNList	00110e00	1509	4 strings
MDToolbarTempoPluginCtrl	0046ba30	1507	1 strings
GNSoundFileSNDReader	007bfbe0	1504	1 strings
MDWorkspaceView	002ef240	1501	1 strings
GNMenu	01d61e70	1500	1 strings
GNAlertPanel	01f6ca30	1500	1 strings
GNString	01d1eef0	1496	3 strings
GNList	01883ac0	1493	1 strings
MDAudioSourceInsp	0015f220	1479	5 strings
MDPluginTransferTempoDialog	00544340	1479	5 strings
MDTimeGridController	005548c0	1479	5 strings
MDToolbarScaleModeCtrl	00475480	1475	1 strings
MDURLOpenedController	00639aa0	1473	1 strings
GNFilePath	00388260	1472	2 strings
MUScaleRulerView	01ad3e60	1471	1 strings
GNTabView	001f42d0	1469	1 strings
MDScaleEditorSelectorView	002b9220	1467	5 strings
MDWelcomePanelController	0071b4f0	1467	5 strings
MUDetectionEditorView	0192fde0	1467	5 strings
MDPluginMenuViewController	0062b480	1466	1 strings
GNMultiRulerView	01d99230	1464	1 strings
GNString	00c76c80	1463	2 strings
MUSamplerComponentRenderer	011a2660	1462	1 strings
GNHeartbeatHandler	0030cb40	1461	3 strings
GNList	00de06d0	1459	2 strings
GNMenuView	0018ed50	1458	1 strings
GNValue	01d83f70	1453	1 strings
GNList	018bd190	1451	7 strings
MULSSGenerator	006da4e0	1450	1 strings
GNString	01e59920	1450	9 strings
GNString	00497610	1445	1 strings
GNMultipleValue	01d59670	1443	2 strings
MDEditorViewController	0064d3d0	1440	2 strings
GNOverloudCompressor	00c16780	1440	1 strings
GNFilePath	0060faa0	1438	2 strings
MUAraAudioSource	01671370	1437	3 strings
GNUni	0117af60	1432	16 strings
MUAudioSourceSibilantItem	01327e70	1431	1 strings
MUBrowserItem	01c18c70	1428	5 strings
MUAudioFileSource	01395870	1424	1 strings
GNDate	013965b0	1424	2 strings
GNString	00aec770	1420	2 strings
GNString	01f64ef0	1420	1 strings
GNString	01891b80	1419	5 strings
GNString	00d8b9c0	1417	1 strings
MDAsyncDocumentAdder	003904a0	1415	1 strings
MUDisplayPerformanceTimeMapper	0082a6d0	1411	1 strings
GNMultipleValue	01ec9e00	1403	1 strings
MDDocumentViewController	002f2270	1400	1 strings
GNValue	01dbc160	1399	2 strings
GNString	0033b9c0	1398	1 strings
MUFader	00447fc0	1397	1 strings
MULSSGenerator	006daca0	1397	1 strings
MUClickRenderer	0111da60	1397	1 strings
GNData	01ee4a10	1396	2 strings
MDWorkspaceModuleViewController	005f6c40	1392	3 strings
MDEditorViewController	00161780	1389	1 strings
GNModuleView	00331550	1389	1 strings
MUTempoEditorRulerView	01c7c5c0	1385	1 strings
MDExportControllerFormat	0012d030	1384	1 strings
GNUni	00b11950	1378	12 strings
GNPropertyObserver	001bcb00	1373	3 strings
MDEditorViewController	00332c60	1373	1 strings
MUAudioFileSource	012cb710	1372	1 strings
MDToolbarGridCtrl	0006ec00	1367	5 strings
MDToolbarPluginTransferCtrl	002d84b0	1367	5 strings
MDToolbarPreListeningCtrl	006ebcb0	1367	5 strings
GNAssociationBinding	01cc6f40	1367	5 strings
MUPitchMatrixPeak	01198120	1365	1 strings
GNString	00e6cbd0	1364	1 strings
GNString	01d1f850	1361	3 strings
GNString	01890220	1357	6 strings
GNColor	001b8c80	1352	1 strings
GNActionGroup	01f8d910	1346	1 strings
GNMenu	001d7ee0	1345	2 strings
MUAraDocumentController	016adf20	1340	10 strings
MDEditorViewController	00262e30	1339	1 strings
MDEditorViewController	002639e0	1339	1 strings
GNAffineTransform	001a9c00	1336	1 strings
MUScaleModeSequence	01b8fc70	1336	1 strings
GNList	00d15850	1335	3 strings
GNList	0037b970	1334	2 strings
GNURL	00db9d10	1334	1 strings
MUAlignmentAnchorOffset	0188aa70	1333	1 strings
GNList	018852b0	1332	1 strings
MUSpectrumShaper	01430250	1331	1 strings
GNList	01df27e0	1326	1 strings
MDNotificationObserver	005e3630	1325	11 strings
GNList	01b65960	1321	1 strings
MUPulseAssignmentTarget	012a4a40	1317	1 strings
MUAudioFileSource	015f66f0	1316	1 strings
MUSampledFunction	0196da90	1316	1 strings
MUTempoEditorDrawHelper	01c80080	1316	1 strings
GNMultiRulerView	01d98360	1315	1 strings
GNMidiKeyboardView	0086e480	1313	1 strings
GNMidiFileTrack	00b5c850	1313	10 strings
GNInt	00d05f30	1313	10 strings
GNLicenseResult	00e72b90	1313	1 strings
GNUni	017d66e0	1312	12 strings
GNString	00386110	1309	1 strings
GNList	01bb2610	1309	1 strings
GNString	00110420	1308	2 strings
GNModuleView	001912f0	1306	1 strings
MDMetaWindowController	006eae60	1302	1 strings
GNCoord	01c2b230	1300	9 strings
GNScrollView	01e01e50	1293	2 strings
MDWorkspaceLayoutStrategy	005f45b0	1292	1 strings
GNUni	002b11a0	1289	12 strings
GNString	0061d9e0	1286	1 strings
GNOverloudParametricEQ	00c17210	1284	2 strings
GNQueue	00023d10	1281	1 strings
GNFraction	01526d00	1270	9 strings
MUSpectrumShaper	017eb5e0	1269	8 strings
MDMetaDocumentController	0036ef90	1266	1 strings
GNDictionary	00c9f7e0	1260	1 strings
MULSSGenerator	01319320	1259	1 strings
MUAraAudioSource	01697750	1258	1 strings
GNTableViewMouseEventHandler	01dca810	1258	1 strings
GNMultipleValue	01cf0cb0	1257	2 strings
GNPullDownButton	001e7990	1256	1 strings
GNAudioPlugInDescription	0000ef30	1255	1 strings
GNValueTransformer	01cc7b90	1254	1 strings
GNImage	001cdcf0	1251	1 strings
MDMetaWindowController	003ba640	1251	1 strings
GNAnimation	01e78970	1248	1 strings
GNEditingContextReadCopySyncObserver	00cbb900	1245	1 strings
MUAraPlugInWrapperDelegate	01692ed0	1245	1 strings
MUAraMusicalContext	016a65d0	1243	1 strings
MUAraAudioSource	016b76f0	1241	6 strings
MDMetaWindowController	006c6310	1240	1 strings
GNList	0037c170	1238	2 strings
GNPropertyObserver	001c0c60	1232	3 strings
GNModelObject	00e8c420	1232	1 strings
GNPropertyObserver	019fec60	1229	2 strings
GNString	00de7b20	1228	2 strings
MUSamplerElementRenderer	011a4100	1228	1 strings
GNPopUpButton	01c6dc70	1228	1 strings
GNString	01734a40	1226	1 strings
MDTimeFormatter	002ee7c0	1218	2 strings
GNInt	007b8500	1217	8 strings
MUElementAnalyzer	011bf720	1217	11 strings
MUChordParser	011180b0	1216	1 strings
MUAmplitudeAnalyzer	01416f10	1215	1 strings
MDVolumeSlider	002f9750	1214	1 strings
GNLabel	005e25c0	1214	9 strings
GNRunLoopState	00e880e0	1213	3 strings
MUDataPointFunction	013f23b0	1212	4 strings
MUMultiTrackView	0032b5c0	1209	1 strings
GNString	00d6e310	1209	3 strings
MUTool	00347340	1208	1 strings
MDAnimation	00572da0	1208	1 strings
GNMultipleValue	01edcd90	1199	2 strings
MUElementAnalyzer	010fe8d0	1197	12 strings
MUElementAnalyzer	0078dab0	1195	2 strings
GNUni	011722e0	1195	10 strings
GNValue	00dd6f70	1194	1 strings
GNList	00e4a560	1193	1 strings
MUAudioFileSource	010f4e00	1193	1 strings
GNList	01f14340	1191	1 strings
MDEditorScrollView	00073fd0	1188	2 strings
MUMatrixPathPoint	0116d770	1187	1 strings
GNValue	01b99510	1187	1 strings
GNValue	01b99bc0	1187	1 strings
GNInt	007c71c0	1182	8 strings
MUScaleModeSequence	0176cbc0	1181	10 strings
GNUni	01112a30	1179	11 strings
GNFilePath	00388b00	1178	2 strings
GNLabel	001e6fd0	1176	11 strings
MUDetectionActivationSlider	01b8e0e0	1176	1 strings
GNMultiRulerView	01d9a0f0	1176	1 strings
GNJobCenter	00046ae0	1175	1 strings
GNHeartbeatHandler	000fabd0	1175	8 strings
GNList	017d0480	1173	1 strings
MDToolbarPluginTransferCtrl	00469210	1169	1 strings
MUHorizontalOverviewScroller	01bec670	1168	1 strings
MUScaleDetectionOptionsData	00845c00	1166	1 strings
GNHeartbeatHandler	00858d80	1164	2 strings
GNList	01d30bb0	1164	2 strings
GNSerialNumber	00d25690	1160	4 strings
MDEditorView	005bda10	1159	1 strings
GNMidiFile	00b047f0	1159	1 strings
MUQuarterAssignmentResolution	01234920	1158	1 strings
GNResponder	0005aa20	1154	13 strings
GNControlBackInfo	001bd950	1150	1 strings
GNDictionary	0158ac20	1149	1 strings
GNList	0124fc70	1148	1 strings
MDAudioTrackItem	007035b0	1147	1 strings
GNString	01d1dc70	1147	3 strings
GNTableColumnAssoc	01df8390	1146	1 strings
GNMultipleValue	01f0b230	1142	1 strings
GNShortCutOutlineController	01f91d90	1141	2 strings
GNData	015b6d40	1140	7 strings
GNString	00330eb0	1139	2 strings
MUPitchMapper	01810ba0	1139	1 strings
MDExportControllerHelper	001353a0	1136	1 strings
MUVoiceMapperVoiceOption	0154f1a0	1134	1 strings
GNQualifierVariable	00d16570	1132	2 strings
MUBezierFunctionPoint	01112590	1126	1 strings
MDFileBrowserInsp	005ca0e0	1125	2 strings
MDToolbarAraClickCtrl	004727c0	1124	1 strings
GNTableColumnAssoc	01de8cb0	1123	2 strings
GNTableColumnAssoc	01de9300	1123	2 strings
GNUni	0117cd20	1121	10 strings
GNString	01501fc0	1121	1 strings
GNString	01ddeb40	1121	1 strings
MDMetaWindowController	0035a0d0	1120	1 strings
GNValue	01f983b0	1120	2 strings
GNMultiRulerView	01d9a670	1119	1 strings
MDEditorViewController	00325e30	1118	1 strings
MUEqualBeatsRange	01148df0	1118	1 strings
MUSpectralTimeSlice	015c6700	1118	9 strings
GNValue	00e8e380	1117	6 strings
MUTempoAnalyzerEvent	015f7360	1117	1 strings
MDMetaWindowController	000ee8f0	1116	1 strings
MUPitchClassMapper	01195190	1116	1 strings
GNValue	01e1cd40	1116	2 strings
GNActionRegistration	01f8b430	1115	1 strings
MUAudioFileSource	002c8fb0	1114	1 strings
GNStringTable	01f47720	1113	1 strings
MDTempIOCtrl	006e79b0	1110	4 strings
MDDetectionElementInsp	007eb210	1110	4 strings
MDToneScaleController	007f51e0	1110	4 strings
GNPopUpButton	00c619b0	1110	1 strings
MUAudioSourceItem	014ea210	1110	1 strings
MUElementPitchInspector	01ba7eb0	1110	4 strings
GNUni	005f5a00	1109	12 strings
GNList	00e4c4b0	1109	5 strings
GNList	0037b2b0	1108	2 strings
GNWindowPositionConstraint	001e5f20	1107	1 strings
GNString	00ca9940	1106	4 strings
MUFader	011f1d90	1104	5 strings
GNBinaryKeyValueArchiverDelegate	005893c0	1102	5 strings
GNInt	014edfa0	1102	8 strings
MUAraAudioSource	01661390	1102	4 strings
MDQuantizeController	00364340	1101	4 strings
GNCustomAlertPanel	01f6a6d0	1101	4 strings
MUElementAnalyzer	01432ed0	1100	1 strings
GNHeartbeatHandler	001b3bf0	1098	2 strings
GNFont	001c97b0	1098	1 strings
MUMultiTrackTrackElement	005880e0	1098	3 strings
GNModelObject	00e8bda0	1094	1 strings
GNList	01d29ff0	1091	1 strings
GNLayoutLine	001d6520	1089	1 strings
GNDictionary	01dbac60	1087	1 strings
GNData	00e81230	1084	1 strings
MULSSGenerator	01658d80	1084	1 strings
MDNotificationObserver	00307e60	1083	6 strings
MDVolumeFader	006dc210	1083	1 strings
GNObject	0004b1c0	1082	9 strings
MDEditorViewController	00502230	1082	1 strings
MULSSGenerator	01953cb0	1082	1 strings
MUScalePitchSystem	011a6790	1080	7 strings
MUMultiTrackItem	01be82b0	1080	1 strings
MDMetaWindowController	000eceb0	1079	1 strings
MDMetaWindowController	002d9d70	1077	1 strings
GNFilePath	0037ebb0	1076	1 strings
MUGrooveBasedQuarterSignatureSegment	014281c0	1075	1 strings
MUEditorReferenceElementView	019a7d70	1072	1 strings
MUEditorElementView	019a8300	1072	1 strings
GNTypedStream	00062bf0	1069	1 strings
GNUni	007b7610	1068	11 strings
GNBinaryKeyValueUnarchiverObjectInfo	00e5b770	1068	1 strings
MUAraAudioSource	016b4e90	1067	1 strings
MUEnvelopeDrawPath	00833c50	1065	1 strings
GNString	0190d540	1065	4 strings
MDNotificationObserver	0026b600	1063	11 strings
MDEditorViewController	0039bed0	1063	1 strings
OsSignatureMac	00ab6efc	1063	7 strings
MDProjectInsp	00643690	1060	1 strings
MDProjectAudioSource	002d1ba0	1059	1 strings
MDEditorScrollView	002bb5c0	1057	2 strings
GNForeignThreadPool	00da7a00	1056	1 strings
GNMethodInvocation	00db6e10	1056	1 strings
MDMetaWindowController	00069a10	1054	1 strings
MUMultiTrackItem	00309440	1050	2 strings
MDMetaWindowController	003a0a70	1049	1 strings
GNUni	002718e0	1048	8 strings
GNObject	000493b0	1047	7 strings
GNInt	011cce10	1046	9 strings
GNInt	007b47e0	1045	8 strings
GNInt	01162ae0	1043	10 strings
MDTimeGridSetter	002f5f30	1039	1 strings
GNToolBoxTool	0199ee70	1038	2 strings
MULSSGenerator	01659300	1034	1 strings
GNRunLoopObserverDelegate	01e8cad0	1033	2 strings
MDEditorViewController	002664b0	1032	1 strings
MUSpectrumShaper	0197d460	1032	1 strings
MDMetaWindowController	000eab90	1031	1 strings
GNUni	0117a4b0	1031	13 strings
MUDetectionSeparationTool	0034b360	1030	1 strings
MUDetectionSeparationTool	0034b970	1030	1 strings
GNFilePath	0037f560	1030	1 strings
GNSoundFile	007b1940	1030	10 strings
MDToolbarRightConfigCtrl	000ee4c0	1026	4 strings
MDToolbarScaleModeCtrl	00138fc0	1026	4 strings
MDToolbarEditMixCtrl	008829b0	1026	4 strings
GNString	00b8c7f0	1023	2 strings
MUDetectionEditorView	01927ba0	1023	1 strings
MUDetectionEditorView	0192dad0	1023	1 strings
MUDetectionEditorView	01bf85a0	1023	1 strings
GNMidiFileTimeSignature	00b09ea0	1022	1 strings
GNString	017cb030	1020	1 strings
GNRootView	01d83990	1019	1 strings
GNTableColumnAssoc	01deb620	1019	1 strings
GNTableColumnAssoc	01dfc450	1019	1 strings
MDScrollViewAddsView	002b3460	1017	4 strings
MUScaleStretchTuningCtrl	01b42190	1017	4 strings
GNMultipleValue	01d28720	1014	1 strings
GNSerialNumber	00568140	1012	1 strings
MUScaleSavePanel	008543e0	1012	1 strings
GNString	00c70bc0	1012	1 strings
GNBinaryKeyValueArchiverKeyValueTypeInfo	00e4b640	1011	1 strings
GNCornerRadius	01d80e30	1010	1 strings
GNSoundFileCacheEntry	00bcbe20	1008	1 strings
MUBarSignatureMap	01201770	1007	1 strings
GNInt	00038300	1006	8 strings
GNPropertyObserver	00839940	1005	2 strings
GNBinaryKeyValueUnarchiver	00e579d0	1004	3 strings
GNUni	01152110	1003	9 strings
MDExportControllerHelper	00135c10	1002	10 strings
GNNull	01694420	1001	13 strings
MDEditorViewController	00332660	999	1 strings
MDMetaWindowController	001381c0	998	1 strings
GNHeartbeatHandler	00571120	997	2 strings
MDMetaWindowController	002a9ac0	996	1 strings
GNUni	0083b430	995	8 strings
GNOverloudConvolverIR	00c21b70	995	2 strings
MUEditorSubview	019a4cd0	995	1 strings
MUMultiTrackHeaderViewController	01c001a0	993	1 strings
MUMultiTrackView	000ea4c0	992	1 strings
MULSSGenerator	012f7f50	989	1 strings
MDMetaWindowController	006d3140	988	1 strings
GNMidiFile	00b5e5b0	985	9 strings
GNEvent	01b09b80	985	1 strings
GNDate	00dc2ff0	984	3 strings
GNTableColumnAssoc	01df8af0	983	1 strings
MUCTCandidateChord	018e4ec0	973	1 strings
TSocket	00adcfd0	972	2 strings
MUNoteMappingState	0117d5b0	970	1 strings
MDNotificationObserver	005e4eb0	968	7 strings
MDEditorScrollView	002bc8f0	967	1 strings
MDNotificationObserver	005e5dc0	965	10 strings
MUNote	01180ab0	964	7 strings
GNString	00e6b160	963	1 strings
MUAudioSourceAttackItem	01102d50	962	1 strings
MUTimeline	00823ca0	959	9 strings
MDExportControllerItem	003b1e40	958	4 strings
GNUni	006dd100	958	10 strings
GNOverloudConvolverIR	00c4d830	958	1 strings
MURelativeTimeProgressor	0119fa70	958	1 strings
MUScrubbingTimeProgressor	011a98b0	958	1 strings
GNFastFourierTransformer	00e83120	956	1 strings
MUScalePitchSystem	015200c0	956	1 strings
GNObject	00026600	955	7 strings
MUAudioFileSource	001221b0	955	1 strings
MDLayer	0057b530	955	1 strings
MUDecomposedAudioSignalCopyRegion	01131d90	952	1 strings
MUBezierFunctionPoint	0142c440	952	1 strings
GNData	00bf7ca0	951	1 strings
GNString	01dafaa0	950	3 strings
MUAudioFileSource	00490b50	949	2 strings
MDSystemLoadView	000fbb00	947	1 strings
MUMultiTrackView	01bf4a10	946	1 strings
MUPulseAssignmentTarget	011f70a0	943	1 strings
GNPropertyObserver	016a92a0	943	2 strings
GNList	0170a890	943	4 strings
MDMetaWindowController	00882eb0	942	1 strings
MUAudioEffectRenderProcessorIdentifier	01239760	942	1 strings
MUAraModelManager	0168f150	942	6 strings
GNRect	011614e0	941	10 strings
GNMultipleValue	01d27270	941	1 strings
GNUni	00193b60	934	9 strings
MDWorkspaceView	005e4870	934	7 strings
MUElementAnalyzer	007649a0	934	1 strings
GNAudioProcessorEvent	007ab0a0	934	1 strings
GNPropertyObserver	005ded10	933	3 strings
MUElement	0086a790	933	9 strings
GNUni	017770f0	931	9 strings
GNBrowserDataSource	008406f0	929	2 strings
MUBarSignatureMapItem	01203460	928	1 strings
GNString	0191af90	928	1 strings
GNUni	001baad0	927	8 strings
MDWorkspaceView	004b3c80	927	1 strings
MUAudioFileSource	0124e860	927	1 strings
MUPitchMapper	0180ff60	927	1 strings
MDEditorViewController	00349a20	926	1 strings
GNSymmetricFIRFilter	007c58f0	926	1 strings
GNOverloudCompressor	00c45b00	922	1 strings
GNOverloudParametricEQView	00bfc1b0	921	1 strings
MUAudioFileSource	004a7d00	920	1 strings
MUAnalyzedBeat	010ef780	918	1 strings
GNSnapContext	01db0610	918	1 strings
MDElementInsp	00577460	917	1 strings
GNAudioTimeStamp	007adf20	916	1 strings
GNFont	01ea7310	916	4 strings
GNList	00d069a0	914	1 strings
GNMultipleValue	01d70eb0	914	2 strings
MUSpectrumShaper	0116a8f0	913	8 strings
GNUni	00273a20	911	7 strings
GNFilePath	01f132a0	911	3 strings
GNUni	0119c7e0	909	9 strings
MDProjectAudioSource	002d3710	908	2 strings
MDMetaWindowController	000efd20	905	1 strings
MUGrooveBasedGrooveAssignmentEntry	0142b3c0	905	1 strings
GNCompressor	00df3030	902	1 strings
MUPlaybackRequest	01199c00	902	1 strings
MUPropertyPointPitchAlternative	0119b510	902	1 strings
MDDocumentViewController	0064cb40	900	1 strings
GNString	00d8b570	900	1 strings
MULoopComponentId	017d74c0	900	1 strings
GNFileType	00df1bf0	899	1 strings
MUCandidateScale	0187cd90	898	1 strings
GNFilePath	003852a0	897	2 strings
MDExportController	0070b120	894	1 strings
MUDetectionEditorView	0192e4a0	894	1 strings
MUDetectionEditorView	01958cf0	894	1 strings
MUDetectionEditorView	01bbdb10	894	1 strings
GNString	00c7b3d0	891	1 strings
MDPluginWindowResizeView	006311f0	890	1 strings
GNAudioProcessor	00b3ca40	888	4 strings
GNInspector	01f02020	888	4 strings
MUScaleBrowserItem	01b4c2c0	886	1 strings
MUTagOptionAttribute	018c18e0	884	1 strings
MUEditorSubview	019a5c40	884	1 strings
GNCTypeID	00043f30	883	7 strings
GNString	00d4b8e0	882	1 strings
GNList	01f00d50	882	2 strings
MDMetaWindowController	003a2100	881	1 strings
MDMetaWindowController	0048b260	880	1 strings
MUTagOptionAttribute	011bbe70	878	1 strings
GNString	00dead60	877	1 strings
GNObject	00e85930	875	1 strings
GNMultipleValue	01d7ad50	872	2 strings
GNError	00e978d0	871	3 strings
MULSSGenerator	012e5b20	869	1 strings
MUBeatSelection	01c707d0	869	1 strings
GNSocket	00cfc910	866	12 strings
MUTagOptionAttribute	018c1400	866	1 strings
GNMultipleValue	01dae3c0	866	2 strings
MDMetaWindowController	002e46e0	864	1 strings
MUSpectralTimeSlice	015c6350	864	1 strings
MDFileBrowserItemControl	00377230	863	1 strings
MDMetaWindowController	003bb820	863	1 strings
GNCFFReader	00cf2b40	863	1 strings
GNInspector	000a0cb0	862	1 strings
MUHorizontalOverviewScroller	00836810	861	1 strings
GNActionQueue	001a7600	854	1 strings
GNUni	005f6340	854	8 strings
GNFileArchivePrivate	00cdb840	854	1 strings
MDMetaWindowController	003a1510	851	1 strings
GNString	00ca94c0	851	2 strings
GNPropertyObserverRegistration	00cc2f60	851	1 strings
GNUni	010f1640	851	9 strings
GNData	017a8f30	849	1 strings
GNDate	00de0040	848	2 strings
MUSpectrumShaper	0142e110	848	1 strings
GNScrollView	002cc690	847	2 strings
GNSoundFileALACWriter	007bc3f0	847	1 strings
GNJSONGenerator	00e4d840	846	9 strings
GNOutlineViewDataSource	001dead0	845	4 strings
MDVolumeSlider	008844d0	844	1 strings
GNList	01910500	842	5 strings
MDAudioTrackItem	002e9d80	840	1 strings
MDMetaWindowController	0065ac20	840	1 strings
MUMultiTrackDropTarget	01c04130	840	1 strings
MDMetaWindowController	00467c50	839	1 strings
GNList	00e6f880	837	2 strings
MDTestValuesController	00240730	836	1 strings
GNFile	0003ee50	835	1 strings
GNMultipleValue	01d57aa0	835	2 strings
MDWorkspaceTabHeaderViewItem	005fa9b0	834	1 strings
GNModuleView	01e02540	833	1 strings
GNData	00d099c0	831	3 strings
GNProperty	000278b0	830	1 strings
GNJSONGenerator	00e4cf10	830	10 strings
GNMenu	01d03340	829	1 strings
GNLicenseActivationDataDecryptor	00009570	825	3 strings
GNAudioSampleFormat	007b7bf0	824	9 strings
GNLocalizationTarget	00e41520	823	1 strings
GNUni	017955a0	823	9 strings
GNTableColumnAssoc	01dba1f0	821	2 strings
GNInt	007c6620	820	8 strings
MUEditorSubview	019a68b0	819	1 strings
GNDrawPath	001c6ac0	818	1 strings
GNUni	00835de0	818	7 strings
GNUni	00cfc320	818	8 strings
MUSpectrumShaper	01bd0660	818	1 strings
MUPart	01183b10	816	8 strings
MUMultiTrackHeaderViewController	000756d0	815	1 strings
GNString	018b9bc0	814	5 strings
MULSSGenerator	006cff00	813	1 strings
GNRunLoopObserver	00059a60	812	1 strings
MDAudioTrackItem	0006a130	812	1 strings
GNUni	00b12270	812	6 strings
MUDetectionActivationSlider	01b8db70	812	1 strings
MUAudioFileSource	004a3af0	811	1 strings
GNUni	01e7d160	811	4 strings
MURenderSliceTimeContext	0053fd80	810	1 strings
GNMultipleValue	01e9eb30	809	2 strings
GNString	017a7040	808	2 strings
MDEditorScrollView	002bceb0	807	1 strings
GNUni	001b5060	806	10 strings
MDMetaWindowController	0034af00	805	1 strings
GNString	004ba0d0	805	1 strings
MUSpectrumShaper	011b1ff0	803	1 strings
MUAudioSourceAttackItem	019f5e40	803	1 strings
MDActivityDiagramView	00553810	802	1 strings
GNUni	01677060	801	8 strings
GNWindow	001fb4b0	798	8 strings
GNUni	00d4f200	794	5 strings
GNUni	00d4f570	794	5 strings
GNMidiEvent	00b0e240	792	7 strings
GNPopUpButton	00c620d0	792	1 strings
MDMetaWindowController	002aa330	791	1 strings
GNFilePath	0060f290	791	2 strings
MUAudioSourcePrincipalItem	01b8ca00	791	1 strings
MUAudioSourcePrincipalItem	01c39580	791	1 strings
GNDictionary	01f618c0	791	1 strings
GNUni	005ba230	790	8 strings
GNModuleView	007eb9c0	790	1 strings
GNFastFourierTransformer	0003e610	789	1 strings
MUDisplayTimeMapperGridLine	0082bdb0	789	1 strings
MUAudioSourcePrincipalItem	014d5a80	789	1 strings
MDPluginWindowResizeView	005de2a0	788	1 strings
MDAudioTrackHeaderViewController	003bef50	786	1 strings
MUAudioSourceAttackItem	019f61e0	778	1 strings
GNHeartbeatHandler	0057e5d0	777	2 strings
MDMetaWindowController	000714a0	775	1 strings
MUElementAnalyzer	000f3de0	775	1 strings
MDMetaWindowController	003baf40	775	1 strings
GNBinaryKeyValueUnarchiver	00e59160	775	3 strings
MUAraPlugInWrapperDelegate	016948c0	775	2 strings
MDProjectAudioSource	002d3310	774	2 strings
MDToolbarTransportCtrl	00879290	773	1 strings
MUAudioSourcePrincipalItem	01bfa490	773	1 strings
GNColor	01f98990	772	1 strings
GNControl	01d15bc0	771	1 strings
GNUni	011d2d70	770	9 strings
GNUni	0115f970	769	10 strings
GNPullDownButton	001871b0	766	1 strings
GNMidiFileKeySignature	00b06810	766	1 strings
MUChord	011137c0	766	1 strings
GNClassDescription	01e2ec70	766	1 strings
GNString	01f14e50	766	1 strings
GNFilePath	0060f6d0	765	2 strings
MDExportControllerRegion	0012fcb0	763	1 strings
GNString	0015f810	761	2 strings
GNMultiRulerView	01d98e50	761	1 strings
GNPDFView	01e88fc0	761	1 strings
TSocket	00ade1d0	760	1 strings
GNUni	01111660	760	8 strings
MUTrack	011a0e80	759	6 strings
GNResponder	01d82060	759	1 strings
MDMetaWindowController	006e92f0	758	1 strings
MUElementAnalyzer	0149bce0	758	1 strings
MDMetaWindowController	002ede30	757	1 strings
MDEditorViewController	003a1100	757	1 strings
GNMultipleValue	01d04130	757	2 strings
GNRange	00057c70	756	6 strings
MDAudioTrackHeaderViewController	0070f2e0	754	1 strings
MDAudioTrackHeaderViewController	0070f740	754	1 strings
GNCoord	01c2cb70	754	7 strings
GNAppearance	001ab9a0	752	1 strings
GNLocalizationTarget	001f5ef0	752	2 strings
MUAraContentReader	016ba380	749	7 strings
MDMetaWindowController	000887a0	748	1 strings
GNValue	00c73090	748	2 strings
GNValue	00c73430	748	2 strings
MUPulseAssignmentTarget	011f6d20	748	1 strings
GNHeartbeatHandler	0038c320	747	6 strings
GNList	012d21a0	747	1 strings
GNList	01ca93d0	746	1 strings
MUElementAnalyzer	0078e160	745	1 strings
GNString	0188cd90	743	1 strings
GNUni	01915bf0	743	7 strings
GNScrollView	01dccc70	743	1 strings
GNString	006d1290	742	1 strings
GNOA	00daed40	742	3 strings
MDTooltipsPrefCtrl	00175e90	741	3 strings
MDTransferPluginTrackHeaderViewController	004f5300	741	3 strings
MDMetaWindowController	0065a810	741	1 strings
GNObject	00d4f8e0	741	3 strings
MUDetectionBaseInsp	01bfdce0	741	3 strings
GNOperationProgressObserver	002b1d10	740	2 strings
GNFilePath	0060eed0	740	2 strings
MUAudioSourcePrincipalItem	012972e0	740	1 strings
MUAlignmentAssignment	0188b880	740	1 strings
MDInspectorViewController	005ce3a0	739	2 strings
MUEditorSubview	019a5880	739	1 strings
MUMultiTrackView	00655fa0	737	1 strings
GNValue	00d1ea30	737	2 strings
GNBKVA	00e45630	737	1 strings
MDErrorController	004addb0	735	3 strings
MDRecordingPrefCtrl	004b9aa0	735	3 strings
MDMetaWindowController	006c6ab0	735	1 strings
MDExportAudioController	007fb340	735	3 strings
MUPasteboardElementPasteIdentifier	01ca4950	734	1 strings
MUPerformanceRenderer	0130f200	733	2 strings
MDMetaWindowController	00085bd0	732	1 strings
GNString	00379f30	731	2 strings
GNUni	010f1fd0	731	7 strings
MUPerformanceMidiExporter	0118b080	731	1 strings
MUAudioSourceSibilantItem	0126eaa0	729	1 strings
MUTempoDetectionRange	011c2320	728	1 strings
GNValue	00c72990	727	2 strings
GNValue	00c72d10	727	2 strings
GNFraction	0114f310	727	6 strings
GNList	00df72c0	726	2 strings
GNUni	001bf8f0	724	6 strings
GNValue	00c72290	724	2 strings
MUElement	011cbec0	724	7 strings
MUAraAudioSource	01661910	723	2 strings
MUBarSignature	01786270	723	3 strings
MDNotificationObserver	00d50630	722	2 strings
GNKeyValueUnarchiverDelegate	00207f80	721	2 strings
MDMetaWindowController	0043e450	721	1 strings
GNValue	00c72610	721	2 strings
MUElementRealtimeInfo	01147a40	720	1 strings
MDNotificationObserver	0050da50	719	4 strings
GNTableViewDelegate	001f3c10	717	3 strings
GNOverloudTapedesk	00c302d0	717	1 strings
MULSSElementRenderRequest	01167aa0	716	1 strings
GNString	017ccf90	715	2 strings
GNUni	005b0a20	714	8 strings
GNUni	00cdcc40	714	8 strings
MUEditorSubview	019a7930	714	1 strings
MUBarSignature	01c8d6c0	714	1 strings
GNPrintSettings	01e8ac80	714	1 strings
GNObject	00064b50	713	7 strings
GNStackView	01e8bbf0	713	1 strings
GNUni	00e79730	711	7 strings
MDEditorViewAggregate	005ae980	710	6 strings
MDAudioTrackItem	002eacb0	709	1 strings
GNTableView	01de7760	709	1 strings
GNMenu	00809560	708	1 strings
GNUnarchiverImporter	0116b7a0	708	2 strings
GNString	00c71940	707	1 strings
GNScrollView	01dcc4e0	706	1 strings
GNUni	0053e5a0	705	8 strings
MDEditorView	0076ffb0	705	1 strings
MDWorkspaceView	000a6b00	704	3 strings
MDMetaWindowController	006ec400	703	1 strings
MULoop	01164770	701	9 strings
MUTimeline	0112e4c0	700	8 strings
MUMatrixPath	0116cbb0	695	1 strings
MUTestViewController	018ad410	694	1 strings
GNString	00d92680	693	1 strings
MUAraDocumentController	016a5910	691	6 strings
GNValue	00e8dcc0	690	3 strings
MUAraPlugInWrapperDelegate	016908b0	689	1 strings
GNOperationProgressObserver	00e35460	688	2 strings
MDToolbarQuantizeMacrosCtrl	000fec10	685	3 strings
MDToolbarRightPluginConfigCtrl	002bf6e0	685	3 strings
MDToolbarPositionCtrl	003b2450	685	3 strings
MDToolbarAraClickCtrl	00610b00	685	3 strings
MDToolbarEditorViewCtrl	006e9b50	685	3 strings
GNAudioProcessor	00b31190	685	5 strings
GNMidiConnection	00b50d90	685	3 strings
MUFader	012a4320	685	3 strings
MUAudioSourceSeparationPrefCtrl	01a93e70	685	3 strings
MUScaleCreationData	01b41b10	685	3 strings
MUScaleDetectionOptionsData	01b56960	685	3 strings
GNBackgroundView	01d7e3a0	685	3 strings
GNSplitView	01db1310	685	3 strings
GNWizardView	01f18290	685	3 strings
MDPlaybackController	005da070	684	2 strings
MDMetaWindowController	0008b310	683	1 strings
MDMetaWindowController	000f3710	683	1 strings
GNIconsViewAssoc	00182050	683	2 strings
MDMetaWindowController	002d96b0	683	1 strings
MDMetaWindowController	003a7490	683	1 strings
MDMetaWindowController	003b27f0	683	1 strings
MDMetaWindowController	00448b60	683	1 strings
MDMetaWindowController	00610ec0	683	1 strings
GNActionRegistration	01f92410	683	1 strings
MDVolumeFader	006c7220	681	1 strings
MDElementQuantizeWrapper	00807040	681	2 strings
MUPitchApproachMapper	01194790	681	1 strings
GNShortCutSearchField	01f81f80	681	1 strings
MDMetaWindowController	004a8460	680	1 strings
GNUni	01110970	680	6 strings
MDAnalyserTestView	00068fb0	679	3 strings
MDNoLicenseController	00102320	679	3 strings
MDURLOpenedController	0054c3c0	679	3 strings
GNAudioProcessorController	00b35dc0	679	4 strings
GNMidiComponent	00b4ff20	679	3 strings
GNOverloudConvolverController	00c22cc0	679	3 strings
MUScalePanel	01acf580	679	3 strings
MUScaleDetectionOptionsCtrl	01b53760	679	3 strings
MUBrowserView	01c1b4a0	679	3 strings
GNUpdateCheckController	01cffdc0	679	3 strings
MUSpectrumShaper	01bd4470	678	1 strings
MUTextFieldDragAndEditHandler	0080b970	677	2 strings
MUFormant	008706d0	677	1 strings
MUTextFieldDragAndEditHandler	01ba3960	677	2 strings
MUSpectrumShaper	01be3200	677	5 strings
MDMetaWindowController	00392f00	675	1 strings
MDDetectionElementInsp	005af2c0	675	1 strings
GNUni	001b40a0	674	7 strings
GNRangeFactorFormatter	00c4a000	674	1 strings
MUPitchMapper	01813900	674	1 strings
GNValue	01ca2ec0	674	1 strings
GNTextAutoCompleterItem	01ecada0	674	1 strings
MUST	00e5a070	673	1 strings
GNString	01257570	673	1 strings
GNData	00e56ef0	672	3 strings
GNDictionary	019ebb20	672	1 strings
LsObjectCache	009b8f5a	671	3 strings
GNUni	00bf6440	671	2 strings
GNString	00d204f0	671	1 strings
MDMetaWindowController	002bf9b0	669	1 strings
MUPitchSystemRulerView	019f0970	669	1 strings
GNAudioPlugInDescription	00010750	665	8 strings
GNLicenseContext	0056b300	664	1 strings
GNScrollView	01cf9ae0	664	1 strings
GNNumberFormatter	00826d80	663	5 strings
GNEvent	001c7e80	660	6 strings
GNList	00d20d90	659	3 strings
GNTask	0005f200	658	1 strings
MDEditorScrollView	007f4cf0	658	1 strings
GNValue	01a8a330	657	1 strings
GNNotificationCenter	00052160	656	1 strings
GNCustomCircularSlider	0058d210	656	1 strings
MUColorCorrectionView	0081f080	656	1 strings
GNDictionary	01cc8fe0	656	1 strings
MUDetectionEditorView	019280d0	654	1 strings
MUEditorElementView	019a6410	654	1 strings
MDFileBrowserInsp	00371b30	653	1 strings
MUNoiseMapper	017dcae0	650	1 strings
MDWorkspaceModuleViewController	00566d70	649	1 strings
GNSerialNumber	00d283b0	648	1 strings
MUAudioRecorderCenter	010fa130	647	1 strings
MUChord	01a735b0	647	1 strings
MUChord	01a73920	647	1 strings
GNNull	00d21790	645	4 strings
GNJSONGenerator	00e4d310	645	10 strings
GNMultiRulerView	01d99a50	645	1 strings
GNInfoController	00655410	644	1 strings
MDMetaWindowController	003bebd0	643	1 strings
GNPullDownButton	007f5ec0	643	1 strings
GNPullDownButton	007f6250	643	1 strings
GNPullDownButton	007f65e0	643	1 strings
GNString	00bf87d0	642	1 strings
MUTrack	0118a6a0	641	8 strings
MUTagOptionAttribute	018c1dd0	641	1 strings
MDAudioTrackItem	002f1240	640	1 strings
GNString	01f02a40	640	1 strings
GNString	01ab2a40	639	1 strings
MDEditorView	005631a0	638	1 strings
GNFraction	017c56a0	638	6 strings
GNOverloudConvolver	00bf3f50	635	1 strings
GNGraphicsContext	01d900f0	635	1 strings
MDMetaWindowController	002a9ff0	634	1 strings
GNUni	001de420	633	6 strings
MUEditorSubview	019ad3e0	633	1 strings
GNLocaleExportController	01e85f80	632	1 strings
MDScaleModeSequenceView	0021b390	631	1 strings
GNString	01892140	630	1 strings
MDViewSettings	005f1790	629	7 strings
MDViewSettings	005f1a30	629	7 strings
MDMetaWindowController	002c0100	628	1 strings
MDMetaWindowController	002cba10	628	1 strings
GNPlugInWrapperDelegate	00b4f760	628	1 strings
GNJob	00045740	626	6 strings
MDEditorViewController	005c6d00	626	6 strings
MUSignatureEditorView	0085d370	626	6 strings
MUTempoEditorView	008634f0	626	6 strings
MDWorkspaceView	008874c0	626	1 strings
GNFraction	0165fd70	625	6 strings
MUMultiTrackTracksView	0030e7f0	622	1 strings
GNActionRegistration	01f92800	622	1 strings
GNString	0171c180	620	1 strings
GNInt	011a5bd0	618	5 strings
MULibraryFileKind	01151740	617	10 strings
MUTextField	005efdc0	616	1 strings
TSocket	00adb600	615	2 strings
MULoopComponentDensityDummyEnumRegistrationClass	01784be0	613	5 strings
MULoopComponentPitchRangeDummyEnumRegistrationClass	01785110	613	5 strings
MULoopToneDummyEnumRegistrationClass	017d81c0	613	5 strings
MDExportControllerItem	0012b970	612	1 strings
MDMetaWindowController	003a85d0	612	1 strings
MUAraDocumentController	016a5360	612	5 strings
MDMetaWindowController	000f3ac0	611	1 strings
MUAraPlugInWrapperDelegate	01690310	611	1 strings
GNVariable	000585f0	610	1 strings
MUAudioSourceDescription	010f5320	610	6 strings
MUAudioSourceDescription	0110ae80	610	5 strings
MDAsyncProcess	000b41e0	609	1 strings
MUGrooveBasedQuarterAnalyzer	010d8920	609	1 strings
GNPBListWrapper	01cacbe0	608	1 strings
MDCopyAndPaste	00561840	607	1 strings
MUScrollerSlider	00814030	607	1 strings
GNDictionary	015abbd0	607	1 strings
GNRadialColorGradient	01f7c3a0	607	1 strings
GNObject	00d66830	606	3 strings
GNObject	00d66bb0	606	3 strings
GNPlugInHostDocument	00bdad20	605	1 strings
MUScaleRulerHeaderSquareTextField	00812d20	604	1 strings
GNTableTextDataField	01e775c0	604	1 strings
MDProgressViewBar	00170e40	602	1 strings
GNTimer	00201ac0	602	1 strings
MUDetectionActivationSlider	0080a190	601	1 strings
MUTempoEditorViewItem	01c49e10	601	1 strings
GNMultiRulerView	01d99db0	601	1 strings
MDMetaWindowController	000ff260	600	1 strings
MDMetaWindowController	002d9a60	600	1 strings
MDMetaWindowController	003a7840	600	1 strings
MDMetaWindowController	00448850	600	1 strings
MDMetaWindowController	0045f200	600	1 strings
MDMetaWindowController	004a9400	600	1 strings
MUTextFieldDragAndEditHandler	00831880	600	2 strings
GNControl	000f9080	599	3 strings
MDExportControllerFormat	0012d660	599	3 strings
GNSoundFile	007b1530	599	3 strings
MUAudioSourceDescription	0110c460	599	7 strings
MUPart	015095d0	599	3 strings
GNScroller	00187e40	598	1 strings
MDViewSettings	005f3190	598	6 strings
GNComboBox	01e7ef60	598	1 strings
MUAraContentReader	016b9ed0	597	4 strings
MDProgressViewController	00171760	596	1 strings
MDToolbarPositionCtrl	005e6ed0	596	1 strings
GNStream	00cf8050	596	4 strings
GNInt	017df3a0	596	4 strings
GNRange	001e1200	595	6 strings
MULoopWatermarkAnalyzer	010da0a0	595	1 strings
GNData	0110ccb0	594	4 strings
MUScaleBrowser	008469f0	592	5 strings
GNPolyMidiInstrument	00b10c00	592	1 strings
MDTransferPluginTrackHeaderViewController	00306fc0	591	1 strings
GNValue	018bc9c0	591	1 strings
GNMultiRulerView	01d98b80	591	1 strings
GNHeartbeatHandler	0055f640	590	2 strings
MUElementFormantInspector	0080df20	590	1 strings
GNOperationProgressObserver	013dbcd0	590	2 strings
GNHeartbeatHandler	01e731f0	590	2 strings
GNTextViewDelegate	001c3150	589	2 strings
MDMetaWindowController	002beee0	589	1 strings
GNData	00e3cd10	589	3 strings
GNBrowserDataField	008401e0	588	4 strings
GNDraggingInfo	001c5b80	587	1 strings
MUAmplitudeAnalyzer	010ce910	586	1 strings
GNStringTable	01e56f90	586	1 strings
GNFormattedTitleAssoc	00181a30	585	1 strings
GNUni	005b1650	585	8 strings
GNValue	016601d0	585	1 strings
GNFormatter	001839c0	584	2 strings
GNMenuView	00184f70	584	1 strings
MDLogoView	004a9ce0	584	1 strings
GNTableViewAssoc	01df1960	584	1 strings
MUDetectionQuarterAssignmentInspector	0080b600	583	1 strings
MUElementAmplitudeInspector	0080da70	583	1 strings
MUTextFieldDragAndEditHandler	01ba5860	583	2 strings
MUTextFieldDragAndEditHandler	01bba650	583	2 strings
MUElementFadeInspector	01c12550	583	1 strings
GNSoundFileAIFFWriter	007a5ec0	582	1 strings
GNNotification	00051da0	581	4 strings
MDExportControllerRegion	0012ffe0	581	3 strings
MDChordSequenceView	0021b050	581	1 strings
MUHorizontalOverviewScroller	0080f2b0	581	1 strings
MUAudioSourceDescription	00839f30	581	3 strings
MUElementAnalyzer	0113d230	581	3 strings
GNSwitchButton	00188a20	580	1 strings
MUScaleRulerHeaderProgressButton	008127f0	580	1 strings
GNPolyMidiInstrument	00af4470	580	1 strings
MUPlaybackView	01aa4830	580	1 strings
GNRadioButton	01e769d0	580	1 strings
MUMultiTrackDropTargets	01bf5140	579	1 strings
GNAnimationView	0017b500	578	1 strings
GNObject	00d67220	578	3 strings
MDNotificationObserver	000a8dd0	577	5 strings
MDMetaWindowController	0006f3d0	576	1 strings
GNTabView	001899f0	574	1 strings
MDKeyModifierActionHelper	0035a900	574	1 strings
MUTempoEditorView	00863790	574	3 strings
MUTrackPreloadRange	011cd5a0	574	1 strings
MUDetectionBaseInsp	0080bf20	573	1 strings
GNInt	00068b60	572	5 strings
GNBorderStyle	002fa180	572	3 strings
MDPluginPreferencesController	00711930	572	1 strings
MUPasteboardHandler	00808f90	572	1 strings
GNSoundFileFormat	00135840	571	3 strings
MUScaleDetectionOptionsCtrl	00811850	571	1 strings
MULoopWorkflowStep	011554e0	571	9 strings
MULoopComponentId	017d79e0	571	3 strings
MDProjectAudioSource	002d6160	570	1 strings
MDPluginTimeProgressor	005dbd30	570	1 strings
GNQualifierVariable	00d16be0	570	1 strings
MULSSGenerator	012e57f0	570	1 strings
GNCelemonyAccountClient	0056f450	569	5 strings
GNFraction	0085a3b0	569	5 strings
MUAudioGeneratorRenderer	010d0100	569	1 strings
MUSpectrumShaper	01bd3c40	569	1 strings
MDSystemLoadView	000f12a0	568	1 strings
MUPointBasedFunctionView	00810670	568	1 strings
GNSoundFileCache	00b8e6a0	568	1 strings
GNOverloudMutronIIIWah	00bf33e0	568	1 strings
MUSignatureEditorRulerView	01c8e070	568	1 strings
MDTransferPluginTrackHeaderViewController	002e3100	567	1 strings
MDAudioTrackItem	0030b420	565	1 strings
MUSpectrumShaper	01415520	564	1 strings
MUTool	01a5cd20	562	1 strings
GNTableColumnAssoc	01deec00	562	1 strings
GNTableColumnAssoc	01deef50	562	1 strings
GNBrowserDataField	0017e420	561	1 strings
GNInt	0114d0f0	561	5 strings
MULSSElementRenderer	01166a70	561	1 strings
GNInt	011b4770	561	5 strings
MUTranspositionMapper	011d3bc0	561	3 strings
MUVoiceMapper	011d6e90	561	3 strings
MUScalePitchSystemSequence	0150a2e0	561	1 strings
MUMultiTrackView	01bf3920	561	1 strings
MDProjectAudioSource	002d6cb0	560	3 strings
MUMultiTrackView	002fcbc0	560	3 strings
MDToolbarActivityCtrl	0046fc10	560	1 strings
MDToolbarLayouter	004b5500	560	3 strings
MURenderSliceTimeContext	00540740	560	3 strings
MDEditorViewController	005c82b0	560	3 strings
MDEditorViewController	005c8510	560	3 strings
MDFileBrowserInsp	005cbd80	560	3 strings
MDPlaybackController	005da8e0	560	3 strings
MDWorkspaceLayoutStrategy	005f5130	560	3 strings
MDWorkspaceLayoutStrategy	005f5390	560	3 strings
GNBinaryKeyValueArchiverDelegate	00cc56c0	560	3 strings
GNBinaryKeyValueArchiverDelegate	00cc6460	560	3 strings
GNGraphicsContextState	01d4da00	560	3 strings
GNGraphicsContextState	01d4dc60	560	3 strings
GNOperationProgressObserver	007ef7c0	559	2 strings
GNInt	00afe410	559	5 strings
GNUni	0117c2b0	559	8 strings
MUThirdsCircle	011e95b0	559	1 strings
GNAttributeType	00029710	558	1 strings
MUTextFieldDragAndEditHandler	0082f7f0	558	2 strings
GNNull	01251710	558	5 strings
GNThread	000619d0	557	3 strings
GNPopUpButton	001e3dc0	557	1 strings
GNString	00d1e780	557	1 strings
GNForeignThreadPool	00da7ea0	557	3 strings
MUAraModelManager	0168f7f0	557	6 strings
GNPopUpButtonAssoc	001e4aa0	556	1 strings
GNSplitView	001883f0	555	1 strings
MUPitchSystemRulerView	00810180	555	1 strings
GNInfoController	01f45680	555	1 strings
GNSoundFilePreloadRange	00bcd190	554	1 strings
GNStringAnalyzer	00053f90	553	1 strings
MUPreviewController	0084c490	553	1 strings
MUPitchClassMapper	01195860	553	3 strings
MUPitchMapper	01197c30	553	3 strings
MUPitchMapper	01197e80	553	3 strings
MUTranspositionMapper	011d3970	553	3 strings
MUPartMapperScaleScope	011d74a0	553	3 strings
GNComboBoxAssoc	0017f5f0	552	1 strings
GNClassModel	000343f0	551	2 strings
GNModuleViewAssoc	001852e0	551	1 strings
MDQuantizeController	00272a20	551	1 strings
MDHorizontalRulerSelectorView	004fc6d0	551	1 strings
GNUni	010d7b20	551	5 strings
GNUni	0151ca60	551	5 strings
GNHeartbeatHandler	018b8a80	551	2 strings
GNControl	01dd66d0	551	1 strings
GNFile	0003f4c0	550	3 strings
GNTypedStream	000639a0	550	3 strings
GNCursor	001bfee0	550	1 strings
MDProjectAudioSource	002d6a60	550	3 strings
MUMultiTrackView	00300f60	550	3 strings
MUDetectionEditorView	005ac4f0	550	3 strings
GNSoundFile	007b2680	550	3 strings
MUPitchTitleDisplayMode	00832d80	550	3 strings
MUTempoEditorView	00866df0	550	3 strings
GNMidiFile	00b04d60	550	3 strings
GNMidiFileKeyType	00b06e60	550	3 strings
GNSoundFileCacheRequest	00bcc880	550	1 strings
GNObject	00d68120	550	3 strings
GNString	00d1eda0	548	1 strings
GNString	00d1f040	548	1 strings
MUAraPersistentObject	016962f0	548	1 strings
MDExportControllerFormat	0012e9c0	547	3 strings
GNMenuView	00190ad0	547	3 strings
GNBoxView	001b20a0	547	1 strings
MDAudioTrackItem	0030bb60	547	3 strings
MDEditorScrollView	005bc0d0	547	3 strings
MDEditorView	005be530	547	3 strings
MDEditorView	005be780	547	3 strings
MDPlaybackController	005da690	547	3 strings
MDVolumeFader	006dc860	547	3 strings
GNString	00d4acc0	547	1 strings
GNHTTPRequest	00e777b0	547	3 strings
MUSpectrumShaper	011b2370	547	3 strings
MULoopSwingResolutionIndexDummyEnumRegistrationClass	017d86f0	547	3 strings
QualityScoring	01d4e050	547	3 strings
GNToolbarPalette	0018b960	545	1 strings
MDWelcomePanelController	0055ee40	545	1 strings
GNSoundFileWAVEReader	007a77d0	545	1 strings
GNToolBox	0017c120	544	1 strings
GNBorderStyle	001b2330	544	3 strings
GNScrollView	001ec260	544	3 strings
MDVolumeSlider	002e2b40	544	1 strings
GNString	0037a800	544	1 strings
MUElementTimeInspector	0080e730	544	1 strings
MUScaleStretchTuningView	00813ce0	544	1 strings
MUPulseAssignmentTarget	011f6270	544	1 strings
MUDetectionPitchIndexAssignmentInspector	01a152a0	544	1 strings
MUDetectionPitchCenterAssignmentInspector	01c15c90	544	1 strings
GNBorderStyle	01e82de0	544	3 strings
GNTypographicLayout	001e02c0	542	1 strings
MDToolbarLayouter	004b40e0	542	1 strings
MUHostTimelineReader	0000dfe0	541	5 strings
MUScaleBrowserItem	01aa4330	541	1 strings
GNCustomAssoc	00180450	539	1 strings
MDTrackInsp	00565c40	539	1 strings
GNOverloudCompressor	00bf1e60	539	1 strings
GNBrowserDataSource	01e737d0	539	2 strings
GNFraction	00043ac0	538	5 strings
MUDisplayPerformanceTimeMapper	0080cdd0	538	1 strings
MUDetectionActivationSlider	00826580	538	1 strings
GNInt	00b10260	538	4 strings
MUPitchMapper	01813bd0	538	3 strings
GNOverloudConvolver	00c1a890	536	2 strings
GNHashAlgorithm	00de7070	536	1 strings
GNBinaryKeyValueUnarchiver	00e58c60	536	2 strings
MUPotentialPathConnectionType	011e6210	536	3 strings
MUAraContentReader	016be130	536	7 strings
MUPitchMapper	01803d20	536	2 strings
GNShortCutSearchField	01f90be0	536	1 strings
MURelativeTimeProgressor	0031ef40	535	1 strings
GNPlugInControllerWrapper	00003ae0	534	1 strings
MUTimeSliceParameterBuffer	010e8f80	534	1 strings
MUScaleStretchTuningCtrl	008139b0	533	1 strings
GNAudioProcessorView	00af0870	533	1 strings
MUElementRenderCluster	010d7110	533	1 strings
MUGrooveBasedGrooveAssignment	0142a580	533	1 strings
MUScaleRegion	0184ac30	533	1 strings
MUAudioFileSource	01b253d0	533	1 strings
GNMultiRulerView	01d954d0	533	1 strings
GNCharacterFormat	001b5c70	532	3 strings
GNClipView	001b7d70	532	3 strings
GNClipView	001b7fb0	532	3 strings
GNClipView	001b81f0	532	3 strings
GNClipView	001b8430	532	3 strings
GNScrollView	001ecb80	532	3 strings
GNSplitViewItem	001ef760	532	3 strings
MDAnimation	00573310	532	3 strings
MDEditorDescription	00576f30	532	3 strings
MDLayer	0057b970	532	3 strings
MDViewSettings	005f3e70	532	3 strings
MDExportController	0079afc0	532	3 strings
GNBrowser	0083fe80	532	3 strings
GNButtonType	0086fe10	532	3 strings
GNAudioNullDevice	00af9e20	532	1 strings
GNUni	010f6bf0	532	5 strings
MUChordLabelingSystem	01117360	532	3 strings
MUChordContext	0117f2d0	532	3 strings
MUChordContext	01186300	532	3 strings
MUPerformanceRenderer	01190a80	532	3 strings
MUPerformanceRenderer	01190cc0	532	3 strings
MUPitchApproachMapper	01194ef0	532	3 strings
MUPitchClassMapper	01195cf0	532	3 strings
MUPropertyPointSpecialProperty	0119c0c0	532	3 strings
MUVoiceMapper	011d6c50	532	3 strings
MUVoiceMapper	011d7860	532	3 strings
GNToolbar	01e8d890	532	3 strings
GNBCFA	00cc95f0	531	1 strings
MUFretInstrumentVoicing	0151d140	531	1 strings
GNTextAutoCompleterItem	01ed1670	531	3 strings
GNString	00d1f570	530	1 strings
GNJob	0001cda0	529	1 strings
GNJSONGenerator	00e4cc70	529	7 strings
MUPitchApproachMapper	01194a70	529	3 strings
MUPitchApproachMapper	01194cb0	529	3 strings
MUPitchClassMapper	01195620	529	3 strings
MUPitchClassMapper	01195ab0	529	3 strings
MUVoiceMapper	011d70f0	529	3 strings
GNUIDObjectConnection	00205030	528	1 strings
MUMPDReader	0057cff0	528	1 strings
MUScaleCreatePitchSystemCtrl	008112f0	528	1 strings
GNString	017cdb60	528	1 strings
GNString	017cde30	528	1 strings
GNString	0181e090	528	3 strings
MUTempoEditorRulerView	01c4a1a0	528	1 strings
GNFontDescription	001cab90	527	1 strings
GNString	00d1f2e0	527	1 strings
GNBinaryArchiveTypeInfoContainer	00e5cf00	527	1 strings
GNMidiEventPacket	007af3c0	526	1 strings
GNString	00c71ff0	526	1 strings
MUSampledFunction	0126bcd0	525	1 strings
GNOverloudParametricEQ	00bf1bb0	523	1 strings
MUChordSequence	0124f2e0	523	5 strings
MUTimeHandleToolViewInfo	01a771f0	523	1 strings
GNTableView	01de7c30	523	1 strings
GNAudioPlugInDescription	00010a10	522	3 strings
GNAppearance	001abd00	522	3 strings
GNEvent	001c87b0	522	3 strings
MDTooltipsPrefCtrl	005657d0	522	1 strings
MDDocumentConversionSheet	00628800	522	1 strings
MUBrowserView	0081a5a0	522	3 strings
MUChordLabelingSystem	011169f0	522	3 strings
MUChordLabelingSystem	01116d90	522	3 strings
MUChordLabelingSystem	01116fc0	522	3 strings
MUChordLabelingSystem	011175a0	522	3 strings
MULineMapper	01152660	522	3 strings
MUPerformanceMidiExporter	0118b970	522	3 strings
GNPrintSettings	01e8af80	522	3 strings
GNStackView	01e8bef0	522	3 strings
GNToolBoxView	001a2a30	521	1 strings
GNUni	01e73a80	521	2 strings
MUMultiTrackTrackElement	00587df0	520	1 strings
MUEditorSubview	005b9d10	520	1 strings
MDToolbarLeftConfigCtrl	008737a0	520	1 strings
GNObject	00d4fbf0	520	2 strings
GNPopUpButton	01efdfe0	520	1 strings
GNAudioPlugInDescription	00010c40	519	3 strings
GNSortOrdering	0005ce40	519	3 strings
MDRightInspectorController	000ee1a0	519	1 strings
GNControl	000f8a60	519	3 strings
MDRecordingPrefCtrl	00116d00	519	1 strings
GNTableView	0019c530	519	3 strings
GNAction	001a47f0	519	3 strings
GNEvent	001c8cc0	519	3 strings
GNSortOrderDirection	001f20a0	519	3 strings
GNTabView	001f5240	519	3 strings
GNToolTipLocation	00211bf0	519	3 strings
MDEditorDescription	005767e0	519	3 strings
MDEditorDescription	00576a10	519	3 strings
GNAudioSimpleFilter	00afd730	519	3 strings
MUDescriptionGrade	0111d700	519	3 strings
MUPitchRunMapper	011999d0	519	3 strings
MUScaleModeSequence	0151f2d0	519	3 strings
MUSpectrumShaper	01bde350	519	3 strings
GNPropertyObserver	01c4a490	519	2 strings
GNAnimation	01e79290	519	3 strings
GNComboBox	01e7f820	519	3 strings
GNToolbar	01e8dad0	519	3 strings
MUPitchDriftTool	0080fc00	518	1 strings
GNAudioProcessorEvent	00b03ae0	518	5 strings
GNMidiFileTempo	00b09950	518	1 strings
GNString	00c71d60	518	1 strings
GNInt	011a7e10	518	6 strings
MUAdvancedTempoDetectionDialog	01c4a8b0	518	1 strings
GNScrollView	01cf9e30	518	1 strings
GNBitfield	0002ecf0	517	1 strings
MDActivityDiagramView	005513c0	517	1 strings
MUColorCorrectionCtrl	008087a0	517	1 strings
GNLicenseResult	00e5f7d0	517	1 strings
GNString	01df0ad0	517	1 strings
GNString	01df0d90	517	1 strings
GNDictionary	01e02bc0	517	1 strings
MDTestValuesController	00560cc0	516	1 strings
GNSoundFileNFFWriter	007bf5f0	516	1 strings
GNSoundFileSNDWriter	007c0ba0	516	1 strings
GNSocket	00cfc6e0	516	1 strings
GNString	00d1e2d0	516	1 strings
MUBarSignature	0165f820	516	1 strings
MUBeatSelection	01706530	516	1 strings
MDMetaWindowController	003696e0	515	1 strings
GNUni	0057aed0	515	7 strings
GNMidiFileReader	00af24b0	515	1 strings
GNHeartbeatHandler	00bf5290	515	1 strings
GNUni	0115eb90	515	8 strings
GNUni	01255530	515	5 strings
GNString	01da5610	515	1 strings
GNComboBox	01e73d90	515	1 strings
GNPDFImage	01e87ec0	515	1 strings
GNToolTipController	0018c900	514	1 strings
GNPullDownButton	00501c20	514	1 strings
GNSimpleXMLElement	00be9af0	514	1 strings
GNString	017cad90	514	1 strings
GNString	017cb550	514	1 strings
GNString	017cb7f0	514	1 strings
GNString	017cc420	514	1 strings
GNString	017cee60	514	1 strings
GNString	017cf100	514	1 strings
GNString	017cf3a0	514	1 strings
GNString	017d2720	514	1 strings
GNString	017d3160	514	1 strings
GNString	01893ad0	514	1 strings
GNSoundFileNFFWriter	007a6fd0	513	1 strings
GNSoundFileSNDWriter	007a74c0	513	1 strings
GNAudioProcessorController	00af0290	513	1 strings
GNOverloudGainReductionView	00bff5f0	513	1 strings
GNBinaryKeyValueUnarchiver	00e5b2a0	513	4 strings
GNUni	010f68b0	513	5 strings
GNFileArchive	00040690	512	3 strings
GNJob	00045190	512	3 strings
GNOperationProgressObserver	00045510	512	3 strings
GNUni	0005a0f0	512	4 strings
GNUni	00131aa0	512	4 strings
GNDebugObjectBrowser	001c1360	512	3 strings
MUTimelineRulerView	0050b490	512	3 strings
MDPluginDocument	005153b0	512	1 strings
GNLicenseActivationDataDecryptor	0056c060	512	3 strings
GNLicenseILokProcessor	0056c400	512	3 strings
GNUni	0057d870	512	4 strings
GNUni	0057dbf0	512	4 strings
GNUni	0057faa0	512	4 strings
GNUni	005f0340	512	4 strings
MUTextFieldDragAndEditHandler	008308f0	512	2 strings
GNUni	00834210	512	4 strings
MUTempoEditorView	00865db0	512	3 strings
GNUni	00cc3490	512	4 strings
GNUni	00e358d0	512	4 strings
GNUni	00e77b50	512	4 strings
GNUni	00e77ed0	512	4 strings
MUEventBasedQuarterAssignmentAnalyzer	010d7590	512	1 strings
GNUni	010fb7f0	512	4 strings
GNUni	013daf80	512	4 strings
MUAraTrackObserver	016a97f0	512	3 strings
GNUni	01bf62b0	512	4 strings
GNHeartbeatHandlerRegistration	01f4aa70	512	3 strings
GNString	00d4c220	511	1 strings
GNFraction	01706fd0	511	4 strings
MUMultiTrackTrackView	0030bdf0	510	1 strings
MUPerformanceTimeView	0059e760	510	1 strings
GNUni	011b9c20	510	7 strings
MUQuarterAssignmentBeat	01233c30	510	1 strings
MDEditorScrollView	00562f50	509	1 strings
MURelativeTimeProgressor	01aa1760	509	1 strings
GNParagraphFormat	001df210	508	1 strings
MDTempoEditorHelper	006f0120	508	1 strings
GNMidiEventPacket	007a53d0	508	1 strings
MUMidiIOSlot	010dd260	508	1 strings
GNString	00c71440	507	1 strings
GNString	00c716c0	507	1 strings
MUPulseAssignmentTarget	011f6ad0	507	1 strings
GNTableView	01c33700	507	1 strings
GNControlAssoc	0017fbd0	506	1 strings
MDAsyncDocumentAdder	0038fbc0	506	1 strings
GNDisplayGroup	00842710	506	4 strings
GNAudioProcessor	00b37610	506	1 strings
GNUni	005fbb80	505	4 strings
GNFileArchivePrivate	00ccf640	505	1 strings
GNClipView	0017eec0	504	1 strings
GNComboBoxAssoc	001bb380	504	1 strings
MUAudioSourceItem	011039c0	504	7 strings
GNString	01d56840	504	3 strings
GNTextView	0018ae20	503	1 strings
MUSignatureEditorView	008149f0	503	1 strings
MDToolbarLeftPluginConfigCtrl	004624b0	502	1 strings
GNTableViewAssoc	00189790	501	1 strings
GNHeartbeatHandler	003ae120	501	1 strings
GNString	00d1e530	501	1 strings
MDDetectionEditorElementView	00562380	500	1 strings
GNUni	00b15080	500	4 strings
GNPropertyObserverRegistration	00cbe730	500	1 strings
GNDistinction	00e045e0	500	1 strings
MUTurkishPentachord	011d4f40	500	1 strings
MUMultiTrackDropTarget	01c01bb0	500	1 strings
